"cluster","draw","range_zero","range_far","farfield"
"north",1,14.9608068827537,37.2252302353302,0.12963137737107
"north",2,16.0515146413739,22.8662983149505,0.144819110176399
"north",3,14.1193596202362,22.1962826513592,0.125787111433658
"north",4,17.6006652754903,38.7612269009192,0.168980676433204
"north",5,16.6311934093103,35.601500589406,0.210021061240652
"north",6,16.9773623480523,35.6298833457445,0.103295692509073
"north",7,14.0318196397335,23.2868659055295,0.20183013428942
"north",8,16.8327461223065,20.9551822586411,0.129485682515211
"north",9,14.4329063487791,18.6840853915453,0.138407323668663
"north",10,20.6100105310728,34.0217200499174,0.168296081875996
"north",11,15.5692282572814,31.2984481570965,0.167620256141985
"north",12,21.1281904500195,38.0777766975442,0.144006513840235
"north",13,16.2701199851733,38.0713582841725,0.152446616564806
"north",14,19.4751525981061,29.2008408379072,0.121321165423831
"north",15,14.3018107844604,25.7146907673743,0.229017833557433
"north",16,16.6852910562486,30.8207177801454,0.195419003564874
"north",17,12.2839704489414,18.7368541515792,0.11848039644306
"north",18,18.2398386395237,35.9248737512404,0.119491038128014
"north",19,14.5923418402094,26.7803465482609,0.223508224870412
"north",20,16.8259969107119,20.0195429981995,0.123686408932653
"north",21,12.3994718878563,26.2288124623076,0.22031642805579
"north",22,15.8289322618003,37.1538982061396,0.118571941780063
"north",23,16.1280680646798,18.2754363533001,0.119055723675408
"north",24,16.0674344123353,28.9393756795664,0.133964024410821
"north",25,15.9409162051994,27.5808691160179,0.148929075595243
"north",26,16.2377570560169,20.0924165574843,0.146008136844305
"north",27,17.1317903660259,21.5193918103372,0.137513970814185
"north",28,13.7438716892629,18.0941634788751,0.140734953377181
"north",29,16.3499506793811,25.5675436969217,0.12336926674921
"north",30,19.1388560715077,35.0825571674211,0.19326128041796
"north",31,16.6956399461384,37.6865639537522,0.193294940627695
"north",32,13.0576700077074,37.3185283532852,0.140104383517293
"north",33,16.2440163915338,24.7484319523535,0.147600116787362
"north",34,12.7829805168854,16.5602527425925,0.109958805033459
"north",35,16.2530887213331,25.1682773924723,0.165699768651682
"north",36,17.653281329047,27.77505840034,0.159778455945473
"north",37,17.4005360589608,30.3146393005806,0.135084188971942
"north",38,15.3082830162844,18.3863179703527,0.129382828620177
"north",39,16.7296654875614,23.6989383463144,0.150431082919828
"north",40,16.2643708351111,32.4938334735382,0.171852601537145
"north",41,15.0865885100006,18.9608090497497,0.147879696109025
"north",42,12.337560294854,23.2495051798987,0.179671205658413
"north",43,12.8225285848264,18.1273812350431,0.188382353668679
"north",44,14.2120123611481,18.6194282746967,0.140406894395615
"north",45,15.7126795694809,20.8498791248344,0.134137500036482
"north",46,15.1850744733775,22.6430426477508,0.163628366798968
"north",47,15.3504282173495,25.7060498662726,0.141057245926949
"north",48,15.9917220997007,19.2515177623327,0.082397634588023
"north",49,14.1406613713335,37.0664782650148,0.22260631848388
"north",50,12.146084281646,20.2553065826826,0.206000978333083
"north",51,15.5686397787779,21.5787467713822,0.111390730807387
"north",52,17.6868437032783,26.1380933453329,0.146491749930689
"north",53,16.347306853426,20.5811214456106,0.13097721816374
"north",54,13.1198575868109,24.635230277528,0.162903569215744
"north",55,10.9230555656507,24.3502355394397,0.230317180018804
"north",56,12.5111145195866,18.7121858795508,0.155897051455132
"north",57,17.4560348306243,35.7861848023266,0.185435862785533
"north",58,15.9505452655074,21.4361468464314,0.137477165878839
"north",59,13.3442468759507,36.9646974997989,0.187858472902618
"north",60,17.6042078019601,21.4191572370055,0.12902146644391
"north",61,16.1332607841046,18.8424846706092,0.0855554020068709
"north",62,20.3722976195392,35.7034655186166,0.128642551346362
"north",63,14.6654528836814,30.2288315137084,0.183210181468527
"north",64,18.2910547624057,24.3333472270229,0.111454029508785
"north",65,17.221975077135,32.1076311750812,0.189194681323828
"north",66,17.4831872674275,24.9961175844058,0.0910334215958434
"north",67,14.2013142102732,19.5741242422029,0.186967077624231
"north",68,20.6258783515455,29.6667529024561,0.148504440148267
"north",69,12.29355412493,17.5014335532289,0.16039973695186
"north",70,15.7243579900553,30.970491972251,0.153090585938174
"north",71,18.6207573240258,37.8126031530487,0.140549292025793
"north",72,18.0941403970088,38.8038951946767,0.152037349147904
"north",73,17.6637295993221,NA,0.184557294307843
"north",74,11.1648865376169,23.5171979804794,0.135408998643892
"north",75,15.3042132140537,19.389476406624,0.155988344410117
"north",76,16.3276584422054,36.6767518514947,0.140855290104908
"north",77,15.9747847433627,20.3444827808301,0.162795245299518
"north",78,12.8036734490906,33.5992633929299,0.216452929471873
"north",79,17.8194562051655,NA,0.0739161232210727
"north",80,17.0201357635643,34.3306368648882,0.179515510060176
"north",81,15.9063374896057,22.7211955068877,0.125078293431047
"north",82,16.211658419582,20.849309547697,0.110676679909231
"north",83,16.428086687441,34.7243962897548,0.144754349422572
"north",84,20.1218822432788,26.5247358093423,0.0988234071421015
"north",85,15.4577152112593,20.8084223241694,0.170325300530967
"north",86,17.6900988801108,25.8951581261068,0.125146248948596
"north",87,15.1366581215284,22.808204666611,0.159060465919013
"north",88,17.2356427826656,21.6052399391487,0.130155748243257
"north",89,17.4530344865983,NA,0.182379111865225
"north",90,17.0653037264387,22.7253633925907,0.18271529611597
"north",91,12.9738341290021,22.0043557874942,0.0856660035081235
"north",92,15.7312305540084,38.1032384236235,0.158639575201836
"north",93,16.5372647230597,37.0939295149691,0.206091962992057
"north",94,13.0659877975519,16.3430005626202,0.106371816049883
"north",95,15.4718520382243,18.918648359541,0.153878668100493
"north",96,16.3048673679633,22.0138564165948,0.138675222729949
"north",97,14.8852844704285,37.0710571354117,0.125559629790081
"north",98,18.4408598247822,26.2953350876692,0.143690269234157
"north",99,15.2739023541768,25.0326194869838,0.197944301374851
"north",100,12.4546665728628,17.8428506307051,0.151969480695305
"north",101,18.4930621941645,26.2409553932248,0.156288303170525
"north",102,12.4055675110573,17.4043164588769,0.156470326307799
"north",103,16.6779500482943,37.4910437470512,0.16797742973817
"north",104,12.6230967555756,18.1317014260986,0.170671271442038
"north",105,16.5681347902514,22.9521600322914,0.121273359831642
"north",106,16.8499922212767,34.0145708016552,0.205674102369435
"north",107,16.7519623306295,NA,0.141628990453002
"north",108,17.3273511230284,27.429097403079,0.101436423761033
"north",109,16.1176716132373,19.8928071789345,0.0850857502566939
"north",110,15.5151979600714,20.7913273329587,0.139931285378613
"north",111,16.4421872365998,29.9937818462761,0.109714486295955
"north",112,15.3583083468061,23.269565551002,0.146193632219566
"north",113,13.4866335085432,24.1718595327743,0.164116720905176
"north",114,13.2483678673322,21.1128404642411,0.187582396072745
"north",115,15.1908350532278,30.3817614605499,0.184773540788349
"north",116,16.9761418650797,24.119473311145,0.119374136813691
"north",117,16.9468444740467,22.814885277889,0.140706115359041
"north",118,18.3516664755459,30.8864704540033,0.140242476497584
"north",119,17.1093167303173,29.3047373040438,0.165916951315459
"north",120,11.6745451999067,19.8812999289383,0.185642687540871
"north",121,11.7617305135211,15.8822264599668,0.154525268119408
"north",122,15.1237536708898,30.7845347517245,0.208431943223359
"north",123,16.6348993682743,21.4482158657013,0.109255283917738
"north",124,20.5367517329041,27.0108892339231,0.146768107681678
"north",125,16.8059698982125,22.5740272607131,0.126627892566538
"north",126,18.3267224297606,25.5605548582819,0.176592564754906
"north",127,15.4044008977486,30.407922891764,0.203397138436634
"north",128,17.161950289905,33.515769167375,0.16823551570862
"north",129,16.1940155226068,20.4472145935587,0.166533110556564
"north",130,20.4495519675007,37.3022838194133,0.165018076689239
"north",131,15.7845993655244,20.0191621987846,0.151909143397032
"north",132,13.8180431820645,26.3896875461179,0.152295909798918
"north",133,16.2018374612687,22.764158869779,0.167777113282199
"north",134,16.3488497223625,34.3210376029983,0.166267083013383
"north",135,12.7809894356712,17.4801223734517,0.206911710094399
"north",136,15.377490046359,21.7288312715722,0.164314463393324
"north",137,17.0455495196845,NA,0.188622709305216
"north",138,17.5811962278595,35.8756276315284,0.163947616612113
"north",139,11.8106007240797,18.6531233141932,0.219637200380671
"north",140,15.0529299568837,32.9515340849564,0.218091843424456
"north",141,12.9723282043984,17.8050884884614,0.132604903538663
"north",142,17.0380450824432,NA,0.221684581636356
"north",143,17.8381262151608,32.534791160042,0.195666759464732
"north",144,18.7014736980638,19.4512731908971,0.0215774203424646
"north",145,15.3501184474915,25.5294250415046,0.187521787616464
"north",146,22.4601228613543,28.931752385559,0.117493694590705
"north",147,15.3124278683016,22.2748759079793,0.161580281160009
"north",148,15.8006030673061,19.8851269007896,0.132115989880947
"north",149,19.0112365653203,19.971059128009,0.0256237365833844
"north",150,16.0441244101826,32.6797149196624,0.135673859724518
"north",151,13.646699952035,17.8997631526153,0.149438902037975
"north",152,17.5163402106867,NA,0.154430846618414
"north",153,17.0170197084708,27.946230310293,0.166501016019079
"north",154,16.9636279400893,25.2906132200882,0.177441578632654
"north",155,14.0603002788591,21.5575451088336,0.198387860521991
"north",156,16.8874606384605,32.1984973383179,0.131060845588936
"north",157,11.6108031875605,25.5248436486225,0.222150441559652
"north",158,16.3126829937421,35.9170518446729,0.204171063512427
"north",159,16.7836106084586,26.8448584749778,0.243852578563642
"north",160,16.965328850912,38.3727409613183,0.178069202655072
"north",161,19.4664994925478,33.9286797000536,0.198792271989826
"north",162,11.9825287812373,18.9834294789727,0.193455456762832
"north",163,17.1228910431743,26.4065100997366,0.211105816013373
"north",164,14.5867873941888,21.6573090134985,0.195863939879562
"north",165,19.734953305816,29.0323943491012,0.107428298294899
"north",166,12.3528816009663,17.0035036059474,0.13448530371952
"north",167,17.1808390410386,24.3622811218387,0.133307264112123
"north",168,19.5705914796514,37.2041973718238,0.135490823032011
"north",169,12.5351526560367,27.5660088922446,0.231046105235405
"north",170,17.0099507170502,22.961890917439,0.107352350477299
"north",171,15.2402210380384,21.8984470600015,0.155254421227346
"north",172,17.2612719355034,25.87061451314,0.19187573008208
"north",173,14.4291327649636,20.599568093545,0.163147584444237
"north",174,12.3761574281411,17.191824125094,0.122003326807903
"north",175,16.9509266104736,NA,0.210717692072331
"north",176,13.6481328636633,28.4156716044455,0.212216922068517
"north",177,15.3911695686574,24.9636761598978,0.112838076961022
"north",178,15.5546508293835,22.7036762590622,0.153361444815601
"north",179,16.1959986654022,29.2348977061591,0.154705912396854
"north",180,17.0083759107336,25.3092203258234,0.154649383881352
"north",181,14.1594755246019,23.1584274702296,0.156180534030786
"north",182,15.3351813555647,24.1412192022591,0.159061456242745
"north",183,14.8195800093298,21.396848061518,0.154012985794172
"north",184,16.1242977481777,20.8211841581374,0.123115685243108
"north",185,16.519252893396,25.3472406493265,0.184551235156118
"north",186,18.085899155681,32.5126891586285,0.198887722683521
"north",187,15.9706067595442,24.9482496211812,0.109649503796039
"north",188,16.3697022034244,NA,0.165620832842139
"north",189,10.6030601027438,22.9208883658699,0.0929430027921185
"north",190,17.8187040820251,36.3565866217552,0.170138617541985
"north",191,13.7702782130391,18.8297319323823,0.136667977996513
"north",192,15.5583118769116,22.7808738084182,0.107570630759446
"north",193,15.1689485963512,23.8805992991574,0.141494925712243
"north",194,14.139311101045,19.8019873374184,0.132317713914588
"north",195,19.4760193118397,36.4440670408718,0.114291925850657
"north",196,15.8870700637582,20.4231723150956,0.126217808792099
"north",197,16.9792018263707,26.2550399694618,0.167101327898204
"north",198,12.5802506151631,24.0526223075149,0.155078407526703
"north",199,18.6595110440885,26.73092725321,0.12875811515307
"north",200,18.1351798269982,32.5366670722048,0.175071879649326
"north",201,16.4656010260465,29.6348933820599,0.152974730239867
"north",202,16.7962614489466,25.3213359286679,0.135075581932373
"north",203,16.8783539915495,18.6818059098919,0.0734549091204126
"north",204,16.0217005058238,31.6170662316235,0.116346898480707
"north",205,16.4064179278556,18.7813196261026,0.059750828093671
"north",206,17.6996033931953,25.9215340518745,0.0868570228150495
"north",207,16.2059166544992,NA,0.19033106269119
"north",208,12.2704848934427,NA,0.169215118954319
"north",209,17.3294089849141,26.4900248173633,0.187819387653896
"north",210,16.7816206660294,29.1146933944442,0.14937483008672
"north",211,18.308108683743,23.956113943313,0.117578636415686
"north",212,13.3408369615378,20.0525672328446,0.115941770336841
"north",213,15.8793072644901,25.794988451459,0.163328198477441
"north",214,15.361888445142,18.3820814668851,0.0919038063285147
"north",215,16.4265268504407,22.570086066588,0.125382635331875
"north",216,15.2749108006394,19.4448498663664,0.148781527325199
"north",217,16.4166138824811,32.7135708153804,0.185135675649767
"north",218,18.6827857546449,30.0387314497047,0.146887419061001
"north",219,16.1207804984337,19.9177001701309,0.081452436085763
"north",220,17.1777096236214,NA,0.144178074299833
"north",221,17.1850335866644,21.9039214581359,0.117579555904792
"north",222,16.2008627700619,37.7698226731888,0.14268364485775
"north",223,15.2991240828968,31.4790996334665,0.129245522213816
"north",224,15.6644380380955,19.9885477044699,0.145301365739358
"north",225,11.5747309422268,19.0755578884547,0.114513305303454
"north",226,15.5840400035377,19.4930053404996,0.154823038788837
"north",227,16.3639868915274,36.2468186307162,0.152921189707854
"north",228,16.7870562316334,22.8100366302458,0.188392095381873
"north",229,13.7065870101791,25.2105781341784,0.227292600166828
"north",230,14.9575833477968,19.3690434774384,0.097217970219168
"north",231,11.6681572594689,22.8377418279431,0.198904328649723
"north",232,20.4081943817602,37.7778908235565,0.207803262755021
"north",233,15.4397151424497,21.709873911009,0.103066656035105
"north",234,16.7880543823662,23.5343434007244,0.177763644817259
"north",235,17.1945600813874,33.7331674413747,0.169060524307409
"north",236,16.8110075699845,24.3925665653315,0.16125104150659
"north",237,16.6208742798529,26.927089933847,0.15910848372924
"north",238,12.9634106211507,23.2044481703916,0.159604356416021
"north",239,15.7568596383953,22.8369197584961,0.217686127207281
"north",240,17.9894171599043,25.2104376885711,0.0717282583991517
"north",241,18.4479868516285,30.9411867954384,0.142226335192356
"north",242,13.671483763218,37.6537527581398,0.250574949485191
"north",243,14.5291216728729,25.7079516562207,0.16381488864719
"north",244,17.406918392799,35.0087828434208,0.139626257014459
"north",245,16.2714744950311,19.8379306731488,0.116459840193771
"north",246,16.3955630188986,26.7665440255011,0.149368041521395
"north",247,13.8891332754627,20.3613623757663,0.141359245181552
"north",248,16.9279110342427,21.6825097616647,0.142151779051078
"north",249,15.0137936275102,25.149691622011,0.198600467156854
"north",250,16.7484790872772,35.2999228672179,0.235962120233142
"north",251,15.8914276768858,22.9109544400812,0.18522045148844
"north",252,16.5554308358954,18.9663174763651,0.0850191636722117
"north",253,15.6149726759184,24.3692597533184,0.138078095732306
"north",254,17.3098219327081,NA,0.182609516581417
"north",255,17.3237334859825,38.2300853839114,0.134794475042455
"north",256,15.9963858408366,20.014806905261,0.146917796128957
"north",257,15.1531005322773,18.1135359430536,0.138215622038778
"north",258,16.0470150730999,27.254644051497,0.15541825465665
"north",259,17.1611153069084,26.6217263857561,0.111870987654885
"north",260,15.6931172042936,24.8021880028491,0.179753560054849
"north",261,14.4757310441462,18.5231980445708,0.0887490028351687
"north",262,14.1218976357934,18.2371200952418,0.153286912153373
"north",263,14.7375977188091,35.482313608448,0.203274138349726
"north",264,12.9890978648893,17.6559399743162,0.170502927277526
"north",265,17.3055260846665,26.5953814244136,0.205768702963624
"north",266,17.0766411040043,34.2269411467778,0.116750136379124
"north",267,11.3336604945984,36.1478260134981,0.233690238259258
"north",268,16.1425728639191,18.9461774440156,0.113498024483996
"north",269,16.915682666655,24.0715401184557,0.149801712650338
"north",270,15.1564921214019,26.2204682674476,0.16769064357907
"north",271,15.1807052857689,18.9684546893902,0.13590649445598
"north",272,11.8416988305238,21.3484806231531,0.189648533391431
"north",273,16.611448191539,34.4201256427846,0.166708418585501
"north",274,18.3731334225274,35.0087866055188,0.243623899167738
"north",275,15.0780693139455,16.5800520199913,0.0405794736806162
"north",276,12.803586147206,26.2579327676251,0.239287353397604
"north",277,11.9854254555064,37.8408223412025,0.190213805711398
"north",278,14.0655609462784,25.7239966801119,0.20475831311003
"north",279,11.7972715899353,22.7044962167122,0.175529263434541
"north",280,13.2157053348155,18.7087517991633,0.170739953992605
"north",281,16.8955943867949,37.738082463559,0.179756489565768
"north",282,15.0854773001574,22.1782089528924,0.221943827482849
"north",283,13.7037386355588,NA,0.147108704676377
"north",284,13.5191705124777,22.63030107516,0.161208369020117
"north",285,15.1129552416808,36.0298545918875,0.141541278621226
"north",286,15.1278418675315,30.8535812504548,0.149038607396435
"north",287,10.9356610999341,25.3240846134309,0.194185636467418
"north",288,16.0004438967505,18.1824823571074,0.0644881813520898
"north",289,16.869622293106,24.1708781333782,0.141852153136635
"north",290,16.2525917593172,NA,0.164049935862334
"north",291,16.1665244582109,22.0345740202397,0.0749820302223807
"north",292,13.9940419722596,17.7339463480462,0.128027157996573
"north",293,15.0535176413149,19.9611821112049,0.122050816869523
"north",294,16.744276394553,21.264541243913,0.102994119822733
"north",295,14.4885250608587,22.0190318628224,0.195212467423925
"north",296,23.0055581228273,29.1026748971252,0.0795445864381519
"north",297,15.7236563081965,18.1678356049153,0.116587072863272
"north",298,12.762353964756,24.0793271101551,0.145357260650335
"north",299,16.7997643244614,38.4701206570515,0.102084291745084
"north",300,12.2351560394514,24.9593828099026,0.18076725674372
"north",301,16.6116343953181,NA,0.107107876090973
"north",302,17.7374090635634,33.9434521326177,0.139358758295042
"north",303,16.3215701930394,21.7892813324911,0.136015676754551
"north",304,16.0193845734397,21.6599057962871,0.106680485875583
"north",305,18.3684255591534,29.686699197769,0.130242128624996
"north",306,16.2886473735093,22.8420099013756,0.112619168283502
"north",307,16.8442682236786,31.3488535429854,0.208748301274646
"north",308,18.6020904622617,29.4644495841324,0.134180380079884
"north",309,16.327274712751,22.9331603428016,0.118649705653572
"north",310,14.1870408880225,21.090774854148,0.178555004767832
"north",311,16.5779569351123,37.2611384396641,0.164320094987483
"north",312,13.7525485336731,23.7320265451703,0.198718849393084
"north",313,16.5206853539282,NA,0.16776316912692
"north",314,16.6391428780232,21.8376195169588,0.094821389287359
"north",315,16.0163937464082,19.610707646989,0.114437580446041
"north",316,16.836368592387,25.8823807693267,0.186740610634756
"north",317,17.6482210746604,26.382105667651,0.153409275849912
"north",318,16.9222019667225,30.7471675450282,0.18263034430071
"north",319,13.7090523388042,20.5915110003111,0.127081251857273
"north",320,13.8581540357069,18.4755231025231,0.124088725710271
"north",321,16.661174103577,20.1517480949837,0.117241149269738
"north",322,18.8564091395219,35.7019507028757,0.170569587476307
"north",323,14.1412238239209,18.6635043941712,0.141359649318475
"north",324,15.9707521285422,20.1642121251079,0.107424649368854
"north",325,15.6921646941641,29.2367678647814,0.206490012537813
"north",326,17.2871146179268,38.0774488755896,0.181703199567993
"north",327,16.5455540340826,NA,0.153007046987282
"north",328,14.7859182109397,18.2563138345871,0.138962980239368
"north",329,17.0181581021222,35.5105769396627,0.114164061393618
"north",330,17.8943708002192,25.3038540341342,0.147478292080317
"north",331,17.6260768844023,30.2401231595865,0.105061502488883
"north",332,11.5864857631836,16.4574348936383,0.155486047888884
"north",333,16.8870494783196,24.7104143653811,0.124959682537948
"north",334,14.4348868903731,20.2774185483662,0.16011361071426
"north",335,16.1701217780598,25.4621394135537,0.196202949871646
"north",336,20.537855433412,27.4393949764141,0.113573832394983
"north",337,17.470972245546,26.8222971054537,0.174979255177537
"north",338,12.7284773417688,NA,0.135767157740304
"north",339,15.6137664634624,38.4297445767134,0.190721386015195
"north",340,12.785830031657,23.4217895525546,0.193696662596392
"north",341,16.8024035902955,NA,0.177912280789721
"north",342,16.6372179570583,31.4317293292008,0.140717338879059
"north",343,12.3279416929597,19.1928923147622,0.171982119040602
"north",344,16.429666498122,23.976614612135,0.141145542130033
"north",345,15.6963420374797,21.0699644670061,0.131557469233915
"north",346,16.5059249301204,20.5511606968125,0.105579212472539
"north",347,17.4470540866189,36.6048847062255,0.123045882108471
"north",348,17.5492300293137,25.0127717866147,0.168794137066795
"north",349,15.8089074225084,NA,0.182482617415267
"north",350,12.9923871532657,22.0643267966645,0.189328967066513
"north",351,12.6555247542699,18.476771157873,0.160399949288784
"north",352,15.9284905197213,20.6151444771629,0.127237915166703
"north",353,18.9762833008744,26.7539789700114,0.15642121187887
"north",354,15.3087292161887,24.7733466851195,0.172632607418084
"north",355,13.8159041703802,17.0610144568033,0.117663826776129
"north",356,15.0089317460927,21.3878760527761,0.139351660415027
"north",357,16.6901485804451,28.8403257116388,0.184216083905633
"north",358,12.7483691935607,18.321716052424,0.187738811779228
"north",359,15.6164946442044,26.6066049188171,0.178609440741944
"north",360,15.5414274019796,38.2532612625449,0.155017127947316
"north",361,13.5683506660565,18.6358991196155,0.0898428431210937
"north",362,12.3579702644345,20.8570466912638,0.172437078561923
"north",363,12.7829841653641,21.7870685161136,0.149273629403678
"north",364,15.1463279374865,18.3014615439723,0.170571118439857
"north",365,17.3217284979753,24.0864737758411,0.181408989933046
"north",366,18.3744557807775,29.8284073930558,0.162518485072757
"north",367,14.4582033968023,23.5865490510601,0.113706062557548
"north",368,12.9536228125601,NA,0.175952803202189
"north",369,15.3139195303719,NA,0.192789789543221
"north",370,15.9909871055312,22.6493643134078,0.139308655985579
"north",371,15.8324361167334,19.8341979227839,0.120588514677424
"north",372,15.2028388276661,20.9979066224588,0.165945146619566
"north",373,18.814028853593,29.3777093122282,0.117613774438641
"north",374,16.8104589866532,24.088748281717,0.116440486446357
"north",375,15.8732983482968,NA,0.174528219806247
"north",376,17.7494757553181,25.264423770532,0.174527563969512
"north",377,20.0260807427745,38.3640293084029,0.15180385397781
"north",378,18.7753957720606,29.7930758138675,0.172840494998835
"north",379,16.6409036741741,22.7806816114286,0.153948164484527
"north",380,14.3630129739821,18.1570937849797,0.138074924004228
"north",381,17.3725628654266,36.5324689089397,0.10829089786433
"north",382,12.2427967482754,26.0876219780044,0.1546295745969
"north",383,17.6182785574033,25.0263544904115,0.170814032092196
"north",384,17.5665402258433,28.7275537227986,0.196769875571633
"north",385,18.3064552742595,37.8137440307067,0.128840312449034
"north",386,19.0967956506414,NA,0.206942934588949
"north",387,18.0067394455362,29.918730850851,0.170933412500693
"north",388,16.5321819696219,19.2604669648021,0.0778518553842414
"north",389,15.1719082118221,20.3282281578622,0.1897021157304
"north",390,18.7347804489547,30.143709404429,0.0969968758017605
"north",391,16.2391737977097,22.3027406041168,0.167162086939146
"north",392,12.8684899848106,19.7611723200009,0.163902640109588
"north",393,16.2956743237903,19.2413217207471,0.0989221161360746
"north",394,14.0676141278893,20.0114001278119,0.142378811765132
"north",395,12.625046389217,36.8944880292681,0.195665769777345
"north",396,13.5380927557485,18.3497263125856,0.162977493772654
"north",397,20.0396415610672,33.5356425473892,0.150774054571984
"north",398,15.4524504039498,18.0187182725025,0.127224884062707
"north",399,16.9412922215217,21.2664858469053,0.0854776813742778
"north",400,16.2070606687355,22.5643300501859,0.0927942932589675
"north",401,11.771062747223,18.2577431139536,0.140837535897928
"north",402,16.6541888326781,25.9525616380825,0.159785765205828
"north",403,12.7179501894019,28.2317630832693,0.208159259500707
"north",404,14.0999702206666,30.324909260218,0.196595332984427
"north",405,14.9924966449607,38.5347105790111,0.160832735142489
"north",406,17.6048818956193,NA,0.190969205604304
"north",407,18.1931860163379,23.1262299344567,0.144362051859272
"north",408,17.0942853833716,34.1451432265568,0.0723494795738943
"north",409,15.8987336735064,32.5427274487414,0.131292850292586
"north",410,13.0729714099055,31.9495616193695,0.210181257320902
"north",411,13.7948735996018,17.3545755108166,0.10500740859637
"north",412,17.4513018607143,25.5111841873293,0.132398030795809
"north",413,15.6674007807399,29.9794976888778,0.181794839899195
"north",414,13.9960222779715,31.5611722774694,0.166108064689475
"north",415,15.4833501160623,20.3994918156302,0.169172506623727
"north",416,16.8984787998257,37.854690836782,0.115869639972947
"north",417,15.5378938701249,19.4509253469546,0.0880100361650488
"north",418,20.7253032077819,30.3562008072812,0.13180043031492
"north",419,20.8038709600396,38.0346532916509,0.149459032961619
"north",420,12.2041497111901,17.3762738246381,0.101540910962329
"north",421,21.0691858151035,25.3977855511824,0.0800019824911626
"north",422,15.3309798686257,21.60424451195,0.128488662318177
"north",423,11.1330270380868,15.9619406836617,0.127599920593377
"north",424,16.6757831348707,NA,0.216494082112747
"north",425,10.8499763373967,17.5332138644865,0.176405433159546
"north",426,16.5176212635386,30.4578583511833,0.146476711498349
"north",427,16.6502076951293,21.9255136535343,0.128098510075612
"north",428,15.9360743211015,22.8172800744673,0.143588045671017
"north",429,20.0228009828641,32.0802180422262,0.148529763207902
"north",430,12.373268273367,26.3980371379554,0.124323221153432
"north",431,15.1882692128269,20.3197938471903,0.141854991142404
"north",432,16.2823774381524,25.7838294553232,0.183260514105651
"north",433,16.1821563912656,22.6807167773524,0.108185092002468
"north",434,17.1167081787373,19.9431676995804,0.0995775053397096
"north",435,17.3307507530858,29.9854842652335,0.137224117630424
"north",436,15.7829536911862,31.8457548180638,0.214675079436495
"north",437,14.2620015438761,17.856128611729,0.0754168798392183
"north",438,15.9926856594307,22.3372919519329,0.108971453266907
"north",439,12.1592249703818,27.0892500269028,0.140490868791882
"north",440,16.9453874344366,30.1418116501283,0.129464515572006
"north",441,17.3664867446443,26.5644094683412,0.213732670388796
"north",442,14.6933441010036,19.8670106255724,0.176323300350917
"north",443,15.4699883327795,23.1871959820436,0.124880502752392
"north",444,19.6963968433327,34.0123849957902,0.175257299042925
"north",445,16.1364927275238,34.5851408931754,0.175715389301861
"north",446,15.5961770300839,23.0577609368151,0.164663170438876
"north",447,11.6592401382671,26.8597020550333,0.157888909236183
"north",448,15.25212694252,26.8867850729438,0.157219722927355
"north",449,22.8051191647367,31.4529310767108,0.148612409479602
"north",450,16.8660075475501,22.7696121171354,0.103012720813729
"north",451,16.4368052583054,NA,0.156656708081605
"north",452,16.731119357078,NA,0.139850154146857
"north",453,12.6479611206478,21.9396352800554,0.119876680440265
"north",454,17.9962398179795,26.1492680064743,0.129002368782737
"north",455,18.5490329047671,37.6452373971895,0.124660998321749
"north",456,15.7764792717693,25.6831552292217,0.173346636316965
"north",457,18.2017842946741,25.4728492634356,0.115149552346318
"north",458,17.7777963360621,35.0267023689417,0.186760325624805
"north",459,15.8019202911248,21.1080506416828,0.138411649431215
"north",460,14.3211666405375,23.1577992093585,0.20795468012223
"north",461,15.2622313545821,22.1614980586613,0.162923269136199
"north",462,14.8151258396244,21.8621330909552,0.166394189703792
"north",463,19.2274801165789,35.2574819363155,0.161659320808031
"north",464,16.6025979152728,19.888899727045,0.106709487398699
"north",465,15.6662069195906,24.7586388769379,0.166082103830796
"north",466,11.5646513928619,18.1251643375861,0.167412895998218
"north",467,15.9988052634813,20.0243304164813,0.127922797211181
"north",468,14.3637525695284,38.3393082160693,0.237344029275405
"north",469,15.4641504169104,23.463306457193,0.142208357202842
"north",470,15.8009486865001,20.6937761993541,0.152583617517824
"north",471,13.4567589374807,NA,0.204603838044044
"north",472,21.3455704575442,27.3507543460563,0.108325331537164
"north",473,15.5746505864338,16.1778682978737,0.012952696856241
"north",474,13.3448222903155,20.3649513178814,0.1760997453752
"north",475,17.1167373807177,24.8890798992658,0.187061133959861
"north",476,17.0207668111218,19.1704310348607,0.0664911900367593
"north",477,12.4955971959519,25.8913216714654,0.225264904522277
"north",478,16.002073149264,32.3910743131953,0.131005251439529
"north",479,14.8694968565808,24.2507572529405,0.190762318149695
"north",480,16.3683425922232,25.7503646315844,0.134365962871494
"north",481,15.6422632831002,23.7787304330534,0.175704556473717
"north",482,15.8962182343881,27.035738287174,0.138091153734882
"north",483,11.7846821764392,30.4770120153433,0.212335221815838
"north",484,16.5603688171571,24.2400419414719,0.129983418623026
"north",485,15.8285875264423,32.8295630090587,0.1513690105875
"north",486,14.5414100430142,22.9833236094418,0.139130498802591
"north",487,16.5813166903867,22.2076132246958,0.158854279791735
"north",488,15.4437653334337,18.7442741884705,0.0938284628295075
"north",489,15.4722329548901,30.2472007448975,0.191278413116075
"north",490,19.5156143648623,24.429020217036,0.106767002526884
"north",491,19.7299753158793,29.840520347413,0.122988858707926
"north",492,15.5674043587106,18.551542922672,0.115140881233208
"north",493,17.0392573137488,21.7306271285741,0.0999917803326627
"north",494,15.8079196789213,21.0720229307702,0.113625796217568
"north",495,18.1105900369459,29.5449215854449,0.178874847866839
"north",496,17.5916386967989,36.9788614734544,0.186282816101089
"north",497,17.9127448613407,NA,0.123044475273645
"north",498,18.052145647654,32.0462379791103,0.177161959567517
"north",499,15.0692869564362,19.2640357741332,0.118647541932397
"north",500,16.1686017699737,19.6085017205135,0.119888895723852
"north",501,19.2554840543878,26.1731365481272,0.154023198786264
"north",502,16.5720396282999,20.4355754602893,0.11060571175701
"north",503,12.3420535009487,20.4955426953799,0.1529905854318
"north",504,17.0732565825606,32.8045481793685,0.153124380529659
"north",505,18.7214952077219,28.4325581907683,0.121114279021594
"north",506,17.3630170111837,NA,0.135144689530244
"north",507,22.5737434603933,30.3799912818482,0.0720264679325528
"north",508,13.5691432864152,25.3694133889669,0.173147747596887
"north",509,16.2568276267615,20.5612058127524,0.167545223342568
"north",510,16.6720526503423,36.2896059692095,0.133306629253371
"north",511,16.7496788368795,26.2236373908384,0.118661100629343
"north",512,15.8290996807085,18.7621804580897,0.0989510616695531
"north",513,14.6535382132213,22.5977397481539,0.168722904363897
"north",514,10.6884189170506,17.290669097638,0.122983007536422
"north",515,12.5882316085449,25.29944798871,0.155817576746378
"north",516,11.9069025981769,21.4290276678655,0.172810683918395
"north",517,12.9752876858295,20.9723899209626,0.157230085680514
"north",518,15.510255385454,18.2811787708713,0.115200135671697
"north",519,14.9348535695406,18.3659101909481,0.109482196187723
"north",520,20.6462415397465,NA,0.0985837385939169
"north",521,14.2504301365698,20.7735339658334,0.180141140543836
"north",522,18.6229194166539,24.4275069303561,0.103217698573312
"north",523,12.5883130196278,NA,0.148751162467442
"north",524,12.8792715062988,22.715117745676,0.182709615705322
"north",525,19.0507569526393,28.8411924108715,0.0992290032940013
"north",526,14.6752335821053,31.8406078246865,0.185023021461288
"north",527,16.6876170751053,NA,0.139054494381383
"north",528,17.5772217648189,22.6322617251988,0.0993176899688471
"north",529,15.8559906229437,20.7430989468235,0.162304306921786
"north",530,15.3705267120764,24.5320451801945,0.161976173730398
"north",531,14.9387724285709,23.4806736351555,0.159839025478816
"north",532,14.4147193041785,18.1462457695428,0.0894897944818524
"north",533,15.9981714132381,22.4832890703483,0.122228455946831
"north",534,11.8773815949574,16.9992999423052,0.112839172486901
"north",535,13.8384631295517,20.787195191213,0.159182091494804
"north",536,16.8563277299693,20.4107717483313,0.101923581261008
"north",537,16.2760098756993,24.4162580756731,0.218889636550471
"north",538,12.0771457842418,22.9092988114559,0.19859005084805
"north",539,15.2317358057137,19.8250176639476,0.117559815668402
"north",540,18.6077445975884,35.8689799233603,0.240500568390851
"north",541,16.452409381974,25.789557023358,0.19075175345657
"north",542,15.4010167320482,20.8678113697254,0.150904679402339
"north",543,15.5429394069677,21.1720589865201,0.19174708029845
"north",544,16.9281441723295,19.1635564464591,0.0832250850687145
"north",545,15.9110786625074,27.7999788566217,0.244807141887056
"north",546,12.8835007043685,32.71865645682,0.250768946896374
"north",547,17.3283336648098,37.3470677419501,0.182840272603911
"north",548,16.629391781993,34.5750171531066,0.132005355188609
"north",549,12.8925426518338,19.5057092496445,0.177533104081018
"north",550,14.8298005509897,21.8560277005558,0.149531324596933
"north",551,15.163655145565,22.1761268321965,0.124379413007004
"north",552,13.4542789183224,33.1185864885366,0.152216610990396
"north",553,15.5472689208804,21.9436924092983,0.126847406142775
"north",554,15.4548775332907,26.3313232311063,0.182667213689107
"north",555,17.0731908024436,35.1038430249417,0.165947112854318
"north",556,15.1949140241035,18.5818686373109,0.134878427560842
"north",557,12.8872646507906,25.5649303470171,0.229656580257794
"north",558,14.2445736950023,37.7916891040832,0.110380371068349
"north",559,18.670236831014,35.917289191903,0.14042095064418
"north",560,16.4390016604477,NA,0.163032192606097
"north",561,17.1333906192392,26.3292395375819,0.135983326925348
"north",562,16.9326753115924,23.3303762029357,0.115179126748579
"north",563,15.8429507526548,17.8650911494016,0.0974310722191057
"north",564,16.3353654274306,18.9763137285655,0.0758588772815487
"north",565,14.783079531828,19.1754196449064,0.160953425413791
"north",566,16.4224243790256,NA,0.15048984616216
"north",567,18.2046170907362,34.7208880904464,0.170764684677671
"north",568,14.9718957987816,22.4543101468906,0.181111641762
"north",569,18.3011886591076,37.5287193039657,0.158455547294239
"north",570,16.5551328478118,NA,0.168135587719872
"north",571,16.4251508374799,20.3425165943606,0.144011530328827
"north",572,15.6063480196982,25.2591993035513,0.163813103797503
"north",573,12.837173379204,20.2830366449505,0.197705569630997
"north",574,12.5420081609097,19.2181404917825,0.166207433089301
"north",575,16.0211047764461,20.8865544065797,0.149219573945259
"north",576,16.830683808906,24.5292202862993,0.120900806789573
"north",577,14.3631812257769,NA,0.239574774369602
"north",578,15.720049651096,21.6352825808544,0.172646765427393
"north",579,13.44738527685,21.432966949409,0.194912455798222
"north",580,16.9451909255647,26.1487047035646,0.179747984853013
"north",581,18.3069336836789,32.3631761110035,0.135086302212779
"north",582,16.3778925543538,21.4056010011651,0.133879665960777
"north",583,15.8210148861896,18.5948820923423,0.13027219601444
"north",584,16.3195190158464,22.2095647685138,0.140378416593237
"north",585,15.2278309426046,23.8102891583898,0.15699397438875
"north",586,15.9199902185555,NA,0.201093754368781
"north",587,13.1857996773709,31.8498869258965,0.164377221184005
"north",588,15.3193998057934,30.5599190344847,0.180605055418974
"north",589,15.9696744378635,22.2880668063059,0.193596264666712
"north",590,15.7848032270397,18.5863351650042,0.0764713945383254
"north",591,17.6395472743173,32.1082037836554,0.200068777378834
"north",592,12.9708136998035,19.0462162543745,0.102345922175992
"north",593,16.8003730686001,22.8149144915024,0.1785965247116
"north",594,13.2914542361399,17.7673653352648,0.152623064565141
"north",595,14.7735927335881,20.4036443277918,0.153266184585194
"north",596,16.1540777740394,NA,0.164407321165539
"north",597,15.8374223809108,33.3723746249579,0.210457699628521
"north",598,12.5360930661902,17.9917587025804,0.146581180514616
"north",599,15.457158173449,37.4000367521231,0.174530000853671
"north",600,16.2403065978256,27.4849103673672,0.139060049788976
"north",601,16.3984320638554,36.9200253660776,0.229762808444346
"north",602,12.9732568047197,25.1306008580795,0.168346689033234
"north",603,13.3127564482735,38.92607566343,0.158245135518457
"north",604,17.814347210108,25.3424210645507,0.164011491132095
"north",605,15.055288302894,NA,0.166847109249916
"north",606,17.5913212989281,37.6635974662552,0.193649301405385
"north",607,15.361874417422,20.5977850386937,0.129223739848935
"north",608,15.6444531532203,21.0085229104253,0.203214054238196
"north",609,18.2355841626493,25.9391190304346,0.116112489116867
"north",610,13.0859168436054,23.8345174556935,0.117238752069166
"north",611,12.2225579350129,18.0516308427736,0.184408487666106
"north",612,15.0682241050602,32.194165429968,0.154448661700699
"north",613,16.7671185991811,22.7863909028411,0.13362873110761
"north",614,17.6969289371131,34.6588851990672,0.160476157440499
"north",615,18.9468542696101,32.2848889544316,0.10810539209625
"north",616,15.4728910840298,20.795138220671,0.165388857614426
"north",617,15.2988478862993,31.5277491984049,0.203680340664821
"north",618,15.6144035988852,18.9786928164558,0.0913332337967798
"north",619,13.9574967934826,28.2629232586906,0.198694015516875
"north",620,11.8616142453976,25.638241289849,0.202019276979043
"north",621,16.5316872584239,25.0405318957776,0.148536917333715
"north",622,16.413948932345,34.9541816949038,0.171227110331207
"north",623,15.6505104348278,26.2819847910937,0.133150604273164
"north",624,14.6340249448786,33.8075725379428,0.18097095955048
"north",625,15.934594888033,28.2143672614182,0.184582514938225
"north",626,23.8829462223459,37.5004538964351,0.156313980876136
"north",627,17.2975446372612,26.182058322573,0.122316606594031
"north",628,15.5793751547309,NA,0.190260897165178
"north",629,15.3886429852272,35.2566669674359,0.193263382572228
"north",630,17.3175854063073,22.5914301032245,0.170497426144142
"north",631,16.026213447787,22.5378245846962,0.126281808774897
"north",632,16.1291988277415,19.9137741362335,0.122191396660537
"north",633,15.5389499930013,18.7780094684874,0.159437691555137
"north",634,16.7306228807017,24.7172393001729,0.147104421386947
"north",635,15.307947291044,31.5221515730609,0.176973384832076
"north",636,16.9593666401151,32.6858720337152,0.154828660313053
"north",637,11.1619537870787,25.7935242709944,0.251305608375511
"north",638,17.0380404583076,22.9122590544222,0.123923211748463
"north",639,15.9596131763894,21.9073299642998,0.185566311725274
"north",640,14.4431313206882,30.9267865154177,0.173074664073445
"north",641,15.6376834753886,21.6680282515878,0.156248605391322
"north",642,21.0922858152946,33.0834680027326,0.113853240623342
"north",643,11.259293712451,22.343658240724,0.132938378578702
"north",644,12.7162261433237,18.1491533147683,0.150457815705384
"north",645,12.665549106554,22.2541530347952,0.189526454716409
"north",646,18.1556097227081,37.3441201646932,0.165179225090132
"north",647,16.681025338936,21.7057451149015,0.114182439106389
"north",648,19.1674299135495,36.5781473947358,0.127492300943065
"north",649,15.0467589910913,21.7217456075798,0.168370273317291
"north",650,20.5644703700137,NA,0.149164325262369
"north",651,15.7942646444942,25.2723060854988,0.130488812136335
"north",652,17.5771527864285,22.1469219546192,0.0890358206977727
"north",653,14.4158298451771,22.1433256997461,0.178494851909697
"north",654,17.5186560867001,38.923093113812,0.194642077626502
"north",655,11.8694745805626,16.9469717970599,0.125562384704043
"north",656,13.402490798757,32.2928287021398,0.228068939502619
"north",657,16.0307232984736,30.2632768410482,0.168394737201139
"north",658,17.2905365159291,29.9212141082975,0.161748456452095
"north",659,16.7190314506705,28.6570470795575,0.156485020397469
"north",660,16.0235132439105,38.4986275746587,0.154435135168635
"north",661,12.8725482969856,18.1763343407462,0.140353426554561
"north",662,16.7025770143999,23.2834561648942,0.115359967935603
"north",663,16.4733640071967,26.4258653474173,0.159875273372831
"north",664,12.7065333425382,22.0421825193198,0.199497243749647
"north",665,11.5552154521246,17.0596396916671,0.152767114701704
"north",666,17.1448902221496,30.6592299231468,0.184033376671836
"north",667,15.651138117567,37.1247848969218,0.189927001201051
"north",668,16.2676612748582,NA,0.171849529367538
"north",669,17.1877067521259,23.9475491065451,0.148056934292237
"north",670,16.9119138114326,30.8090148921707,0.182194389695092
"north",671,18.0564662889659,26.1483562489245,0.197407538998914
"north",672,14.6489326145353,26.1130318074247,0.183400128502998
"north",673,18.0425824144442,26.8146847808649,0.197906068780541
"north",674,17.0386340160729,38.8592804377739,0.14627157804215
"north",675,16.2494612324527,NA,0.159071109743618
"north",676,16.7655754869764,37.2272886116172,0.145516719633562
"north",677,11.4259392804597,22.5734851517632,0.16735942406205
"north",678,17.798708685558,24.8920548589608,0.161917226564374
"north",679,15.6494086282212,22.2962455068786,0.179426268345882
"north",680,13.2349336826453,22.9513134292865,0.192943481441458
"north",681,17.3982727328332,25.8705775527577,0.171039894929677
"north",682,12.9023685030674,24.0049505664045,0.13818308914383
"north",683,15.1126433752189,24.9357300101456,0.131228842294216
"north",684,12.6994165770909,17.6144198145429,0.116848852970059
"north",685,14.5454527367447,17.8580873301083,0.110817295110291
"north",686,18.8244910710288,37.5479412186396,0.0724450901073053
"north",687,17.1313097327125,37.9416555771928,0.145342572020629
"north",688,18.1122519168116,NA,0.194308439315379
"north",689,19.2898212467824,NA,0.145465945263446
"north",690,15.4997213972162,NA,0.189854770275579
"north",691,15.8944140379075,31.8379755033718,0.149752122082419
"north",692,14.3185120173999,NA,0.167267628496679
"north",693,16.0222528942843,34.8914109900618,0.119367722718636
"north",694,18.8993747317228,29.1956428719844,0.0979561043170777
"north",695,14.1162347207413,21.6376184253582,0.148319260310027
"north",696,15.4517285271508,18.3646647915276,0.107671371604359
"north",697,11.7839843664056,17.5625918050402,0.151909611685637
"north",698,12.0409372634203,18.0925353797182,0.184649709005106
"north",699,15.7573152997148,21.8036568789458,0.153737697983516
"north",700,17.0236040857654,38.2913788965412,0.224090442238346
"north",701,12.3499150986566,17.3774037009967,0.18212829419654
"north",702,16.5576852803186,32.9065606836439,0.112755645443479
"north",703,17.9278547266185,35.1851401320668,0.101723463525067
"north",704,17.2654064548928,21.5966294589526,0.143453307273788
"north",705,17.274572258194,22.8679544829031,0.0826899448321544
"north",706,15.6869174346502,22.7057172694261,0.138929217314758
"north",707,16.269734224663,30.1807537551195,0.165908452565989
"north",708,14.6008812699886,30.5407239982254,0.159013291983268
"north",709,16.6566413603322,38.2221025773894,0.178133494230659
"north",710,13.9245283104337,21.2426082129328,0.164875476598252
"north",711,14.9935594474118,18.7321583245366,0.163510276275195
"north",712,17.5972564515098,38.6274997119855,0.203580704779058
"north",713,15.9424319323485,21.7206021646521,0.147526708406755
"north",714,16.564157866837,26.3884807986222,0.123147319161008
"north",715,16.2428017531287,26.9154582531394,0.186031334953065
"north",716,12.5324826212773,22.0563325743367,0.17799204911759
"north",717,16.0635387687334,24.6437082975172,0.161154411197892
"north",718,16.3300736900842,NA,0.169667521533603
"north",719,15.6918002897252,19.2671562556347,0.133564300839324
"north",720,12.9062776966354,16.9333308314523,0.0825013217738353
"north",721,12.6578298583417,19.0917651306576,0.128452468706537
"north",722,15.6702765010917,21.4349711033476,0.132439022831603
"north",723,12.8493264271507,18.3700524756438,0.127640235692979
"north",724,18.6591764767271,35.5903233600872,0.119171972659192
"north",725,12.2057163984978,29.9796530164774,0.243256938996568
"north",726,16.1284952825576,26.6183772751361,0.2033960964037
"north",727,15.471527444764,20.6975055178542,0.165269428301361
"north",728,15.1283945440329,32.2097769275291,0.137928888187259
"north",729,16.1612746392617,36.7585930850118,0.177348018876336
"north",730,13.7992139481221,37.6487941491875,0.148666530476071
"north",731,16.3330250115569,24.8169598609153,0.175773138642825
"north",732,20.7939039178279,32.9336654346703,0.171514891421814
"north",733,15.9184659640245,21.5903247953478,0.106329166897837
"north",734,15.1777695065734,23.9033991330653,0.189333035099976
"north",735,15.8223836985742,21.7414526076624,0.11785509433635
"north",736,11.5943999321079,20.5969316860214,0.22271715627364
"north",737,12.3978878051821,18.8732374590557,0.18669032680547
"north",738,18.162591929731,36.6178868556268,0.147360957561178
"north",739,16.6355579187469,30.4326489250795,0.163613078727325
"north",740,17.3964261280082,25.2466939905108,0.159295184369556
"north",741,15.174230182963,19.1308108434671,0.156260823468111
"north",742,11.7122629549011,18.9079345299907,0.155798711135183
"north",743,15.5038690207192,23.345481260029,0.184330808026056
"north",744,17.0267150288262,22.8178922423681,0.127774373446337
"north",745,15.2891256217477,32.8700899269128,0.142320331259355
"north",746,15.6887039132083,NA,0.165061842680537
"north",747,12.3863621689605,16.8605562908825,0.0689151673329574
"north",748,14.691050301068,24.6920870824647,0.179089868552628
"north",749,10.7427791573681,14.7561723593993,0.126574156582831
"north",750,16.7541689992609,33.405021459858,0.180281270932707
"north",751,16.7984541233475,25.479677377158,0.156655908361563
"north",752,15.4159848817006,21.6978500398377,0.101843058834246
"north",753,12.8524400121146,18.5309101790409,0.156137328579775
"north",754,15.167049407233,22.7908492371129,0.108204831862263
"north",755,17.6817159703542,28.4273385103629,0.18201892644978
"north",756,20.2758911006335,NA,0.176804983355143
"north",757,15.5398063406087,22.1587001904566,0.135977801188104
"north",758,15.0163613248898,19.3894040533704,0.128112831150902
"north",759,15.2207564779231,NA,0.152952350424643
"north",760,14.7230047945398,32.5664473922653,0.168548083310237
"north",761,17.2798625503393,31.6077371131154,0.194965142130497
"north",762,15.4196917519945,25.4640239709413,0.178638668937105
"north",763,15.9970015744853,20.5407068402027,0.112159129722077
"north",764,16.614611199766,NA,0.122648905238679
"north",765,16.4486965545419,24.0224365892813,0.126743064420478
"north",766,21.3826742822359,NA,0.153030011046084
"north",767,15.4533148037797,18.6609405010908,0.130536430513115
"north",768,15.0554846755523,18.8243797136256,0.115110403793445
"north",769,15.0371931045575,18.9523998158285,0.178859594473616
"north",770,22.0230691556451,NA,0.174773902268915
"north",771,18.6504770793877,26.9069718299183,0.16912848744287
"north",772,14.4041190724592,NA,0.192358460449834
"north",773,13.0278130524194,26.284782623276,0.192302125451385
"north",774,15.8257186109502,20.1573638782327,0.144014701787431
"north",775,18.8053682186218,NA,0.112605224386787
"north",776,16.0222207964619,21.9546365042915,0.122753854984298
"north",777,16.8031572313588,26.7792682786555,0.21127338588012
"north",778,18.4026282713523,31.3914562260545,0.193226669946281
"north",779,17.0730826939664,36.310718652077,0.101123071768242
"north",780,15.5617234024894,17.6846344561829,0.0898409903437606
"north",781,18.4322023898947,33.6425451719499,0.164602063421068
"north",782,14.4721380454422,23.3180983039004,0.213075664958039
"north",783,16.2505110372397,23.9588243273388,0.175229949628091
"north",784,15.3989539931249,21.3696361451479,0.155000152080441
"north",785,16.5096711750892,NA,0.167727205418745
"north",786,15.4095377738495,23.1636733913393,0.175718480276861
"north",787,17.2360873293936,NA,0.124291914440794
"north",788,16.2826984148834,26.5489827898005,0.165691661162252
"north",789,11.7276931451305,19.7878815461779,0.182352379743486
"north",790,16.7850062341351,26.2484022419733,0.137498734234819
"north",791,18.3338028082473,24.2276841830665,0.136876961478905
"north",792,16.3135271031045,26.0913165473019,0.117472750622066
"north",793,17.6161921563406,25.0143458118563,0.141805095992843
"north",794,17.2224627371631,33.8613976876582,0.164976727783035
"north",795,14.8818547596317,27.9520389394864,0.122347357421454
"north",796,16.5414993257445,18.3583743631852,0.0635305113521696
"north",797,13.4708681727932,18.1877662481466,0.144788838221435
"north",798,16.8341309925372,37.0704270434695,0.150677638977995
"north",799,17.4144814564993,NA,0.11236130570506
"north",800,12.1164017178474,21.5106872200644,0.168285801796738
"north",801,14.5476196005991,16.0351589272173,0.0545146750586832
"north",802,16.9695063081281,34.1181613790256,0.171255889765048
"north",803,17.4409823604846,24.0754494494296,0.113243056822064
"north",804,18.9328025993106,38.4699702086199,0.0880638605494207
"north",805,14.774994761827,36.3949880438098,0.178789958913739
"north",806,17.9939699373775,21.4362825449151,0.10346694504308
"north",807,16.8064490248666,25.5467733288162,0.165462845561383
"north",808,16.4736816711045,30.6910723576929,0.15645328123216
"north",809,15.3432812473104,19.6033717628254,0.125338512249796
"north",810,16.0657635048259,18.549613600092,0.0925018444712589
"north",811,16.4174296166517,21.6617162196114,0.152749110292096
"north",812,16.1292605675803,38.5816015149496,0.143620002477052
"north",813,12.5343038639601,26.7476978180012,0.133866227017048
"north",814,14.1322456219259,19.0563219528694,0.156812054523486
"north",815,12.3811919192605,20.7328457635944,0.133477138470357
"north",816,16.0486592494239,20.2798218967058,0.16512624861582
"north",817,18.661954367344,29.4897387833139,0.110078609326541
"north",818,16.8458943640759,25.5443008501008,0.150685584441131
"north",819,14.6717379089305,36.5109110155855,0.175469246767145
"north",820,18.3475172068905,37.034729373686,0.108438012791129
"north",821,16.3653575178703,26.9394024603495,0.240472825504154
"north",822,17.3876542730024,NA,0.230629348800641
"north",823,14.478693430505,18.9972874071301,0.184291721230751
"north",824,15.4931979323721,21.9066487808307,0.145004243730012
"north",825,16.7063100403042,29.5033402322768,0.167848219428048
"north",826,16.0330777304459,22.9110265901429,0.119051031045733
"north",827,16.6539775167869,26.8159222986299,0.182186938409941
"north",828,15.3394130089985,19.73851251808,0.155830769335968
"north",829,18.1085849494343,38.3223835912933,0.145138771061587
"north",830,17.0080021331861,30.7937592071464,0.19875767156118
"north",831,13.7644665484645,32.8518157517752,0.224103731414393
"north",832,12.5582849084822,22.3171283665708,0.213132047292649
"north",833,15.5813586863813,26.6504946214085,0.188228647700089
"north",834,15.91186503101,31.4793755704804,0.223471823459439
"north",835,16.9612632464385,24.9933608984933,0.109149815680648
"north",836,12.5267708903471,25.2400538564074,0.177806296326377
"north",837,17.9124189607991,30.8411154715846,0.168330956414539
"north",838,13.8989336151543,26.8758388991522,0.248220397710406
"north",839,12.4548966053163,31.016722032062,0.248321113489752
"north",840,16.7038584290546,36.4658253101588,0.120489262090065
"north",841,13.9736956225343,18.7452260665584,0.115332686888686
"north",842,13.8195825036735,25.4919020509674,0.16895559921789
"north",843,15.325081408207,20.9441888028152,0.164360698357061
"north",844,14.2888533431807,28.2725338073169,0.194980868950526
"north",845,16.1525341217609,26.7815718338805,0.157944233353507
"north",846,16.546086547545,NA,0.146759520908135
"north",847,12.3290041648033,20.9629526199992,0.179564069097519
"north",848,14.8175927052189,19.4215922297998,0.177219741630831
"north",849,17.2951871380152,23.9587858238732,0.120774885871634
"north",850,18.0419335740661,NA,0.151182574003242
"north",851,16.2428229280853,26.6263317889388,0.200909056020431
"north",852,15.3581217072731,21.2003641165697,0.149481682390668
"north",853,16.7953930747632,25.2039978048892,0.162654270476851
"north",854,15.2052959532929,17.9791835628926,0.122872809647196
"north",855,16.6032999595642,29.3083597455973,0.133498670737117
"north",856,16.0525906176977,38.7157616307651,0.142766665017075
"north",857,13.1168193354011,35.6106568608288,0.145265408348772
"north",858,14.4163612809298,18.8701515481225,0.117463503776959
"north",859,17.2489905862785,22.6992949892477,0.0841797442149593
"north",860,14.3729186552083,17.5036924289065,0.114171209237396
"north",861,12.6304012747229,34.994392817179,0.199261905147394
"north",862,17.4341272860678,21.0977245125092,0.138959438466077
"north",863,15.1784676220919,22.3996289701447,0.211344009735044
"north",864,15.0444892534252,23.3635982131108,0.162888821584513
"north",865,14.9859993404681,21.8824449567221,0.144940545411821
"north",866,15.5108321783199,24.1868916586029,0.172684741990853
"north",867,17.0864268862401,25.712123546867,0.186317422701992
"north",868,16.1569574810055,22.9881940107119,0.156654678298296
"north",869,18.2211367559761,28.4186628882332,0.157532632630664
"north",870,15.7727167655221,22.4234960738905,0.182869650868992
"north",871,12.705466870394,25.4469987898637,0.187700682033388
"north",872,15.6447966921122,23.2398126736563,0.181402585989744
"north",873,19.2208634406023,33.542409148611,0.136227942621155
"north",874,14.2697824294912,21.7675846980338,0.170034016769317
"north",875,16.7716964285553,28.4141795781732,0.108823717355338
"north",876,16.6328969690531,26.6835285741811,0.115754151240382
"north",877,17.8958652562818,37.1652363862305,0.20387591897
"north",878,15.5810089832263,17.0666624332945,0.0781639912905878
"north",879,14.8458969852466,38.4197838984755,0.195280931828387
"north",880,16.4993018341363,37.9136027998705,0.207392313486652
"north",881,14.5394379871842,17.8409979332895,0.104531239229206
"north",882,16.0730479180826,24.0009975640815,0.150771536662807
"north",883,15.8039747879513,26.4481317049525,0.152643919419194
"north",884,18.7048645215074,28.1564126651158,0.136607726761404
"north",885,12.1260864276582,18.3544936723199,0.144148971583191
"north",886,14.4872579013338,35.7502146497155,0.154248113694884
"north",887,15.4538705253773,NA,0.145621519865204
"north",888,17.1116133573905,26.7361588005064,0.156874266248862
"north",889,17.8080698230257,27.8513074168762,0.118198238896831
"north",890,15.8277793884014,25.7309709039396,0.127214577157981
"north",891,13.8034606568515,20.8262533308812,0.156316076790554
"north",892,12.1848873877721,17.9328716672348,0.221258055704953
"north",893,15.9041156867256,25.7518355661309,0.149460990375852
"north",894,17.4657845150366,25.4963329358282,0.141118170768446
"north",895,12.6101299723146,19.7452681109095,0.170511008773733
"north",896,12.9075800129989,25.0846715449348,0.200284523809304
"north",897,15.7756628926759,37.3029088776868,0.121187360480687
"north",898,16.6920706954107,NA,0.203720794806274
"north",899,16.0952370786602,19.8546048076761,0.143963984020826
"north",900,16.4507301093488,26.7812028936884,0.179091211248812
"north",901,17.439680244058,20.5851041797625,0.0935298259634474
"north",902,16.3865343701523,26.4339305716816,0.169638606673026
"north",903,17.3748310192007,21.1585184793543,0.0831378582567963
"north",904,16.2714922026342,27.9305889460794,0.150874589373598
"north",905,17.7819891650636,38.5258182735802,0.128239403912437
"north",906,16.6417792852384,23.8600057922172,0.152486925470095
"north",907,21.9522321212742,36.1398923786703,0.107837193812217
"north",908,18.1292885226807,26.4834596457548,0.186714829608014
"north",909,15.2832698788519,38.8871953514512,0.247739083932246
"north",910,16.9751301507693,22.8240089991679,0.154348656627011
"north",911,17.1811810895313,35.0332882137937,0.164918276299175
"north",912,17.0247696414471,26.2353676967832,0.180552911042438
"north",913,16.5518970587716,29.3069696037195,0.16150408830918
"north",914,14.365924425424,26.444235176458,0.189189252622008
"north",915,15.1678847063781,21.7808170377853,0.136328911489821
"north",916,17.4867933889968,38.6932856045586,0.188700459426474
"north",917,13.9015734470637,24.3626144591334,0.213576011012003
"north",918,13.6455795091832,30.5151483172346,0.208393235266852
"north",919,18.6162912853594,30.5012062920163,0.187680226342399
"north",920,16.9755740237635,26.4100128526293,0.144425537404718
"north",921,14.9302321090063,36.1834440278877,0.200739930925793
"north",922,16.2244664393769,21.1385525985325,0.152170877690819
"north",923,17.3914998210267,35.5449629744256,0.132428419682663
"north",924,11.4369276758945,21.6926774855017,0.209912388016697
"north",925,15.6955541351187,32.3219290318644,0.172172992167397
"north",926,16.1840744294151,33.8915534129608,0.14657520316009
"north",927,19.7226788384557,NA,0.137125311912732
"north",928,12.0822463231291,24.9407562142608,0.229527869372942
"north",929,16.6750438990357,19.2346437827854,0.116432815071471
"north",930,15.1713286771929,23.04627972135,0.129586354061305
"north",931,21.0478078206887,38.3171464575594,0.116993886617324
"north",932,21.3606979247188,34.7826701489758,0.182596450755785
"north",933,17.4342353114097,27.0453982164666,0.155544625486529
"north",934,16.6634729973087,20.2710686349843,0.136533905457128
"north",935,15.8269229965855,24.5928347465874,0.151426470743058
"north",936,16.0947903300459,23.6411393205072,0.136999365913886
"north",937,15.4031006939611,25.579688399663,0.138327609936852
"north",938,15.8810902910569,23.5752711497925,0.149017046915512
"north",939,16.94751032283,26.0942218251199,0.207040508486873
"north",940,19.9898945924667,27.3192180163494,0.162532887751521
"north",941,18.7488818339661,38.621526649954,0.180739187449651
"north",942,18.6305005672673,25.8200923416492,0.144327149396919
"north",943,14.3640285967268,26.3425744255721,0.192242083623931
"north",944,15.1955895829867,19.7695873076445,0.126944943420279
"north",945,15.4640401849621,18.6313629740997,0.151817095416709
"north",946,15.840107313979,20.2174384459137,0.15088459912852
"north",947,15.9392997435817,21.6422830703633,0.194830495240763
"north",948,17.3775875440025,37.9205378697745,0.120252625737459
"north",949,16.633353252926,21.8704003149305,0.118650468356277
"north",950,15.5410171199456,24.8676478516368,0.153562220629897
"north",951,15.5208033263179,37.0547025135046,0.190244578578718
"north",952,14.342698277706,23.7616257299848,0.180744203054867
"north",953,12.2796193813662,16.748841147079,0.124451014729631
"north",954,15.5146163730561,25.7781431724985,0.182054545692475
"north",955,15.2916658310852,23.0543035308999,0.0993790710211382
"north",956,14.6955455509652,21.3736986976829,0.18248528265859
"north",957,15.6338289255857,18.9499030986278,0.117435874508639
"north",958,15.6451212417225,20.8604318886193,0.108925843377696
"north",959,15.6949740387526,29.4088643304634,0.165829001921442
"north",960,17.1244816012927,21.6043901181021,0.111378048024236
"north",961,15.8897782156546,26.2121171426824,0.158443980057546
"north",962,12.6221755461175,NA,0.167639834222055
"north",963,14.6422478890253,23.7589740325494,0.135735310470184
"north",964,15.5304065304552,25.5855570075876,0.148689823590918
"north",965,16.6151304262996,26.0446989444422,0.138490802342011
"north",966,17.2035816716188,36.5330092718286,0.16053174825469
"north",967,17.7351524047987,24.2167005354485,0.0960402715059041
"north",968,15.8423352856752,18.7600062594827,0.122239128804171
"north",969,15.4575867751607,21.8217591443736,0.132250061150556
"north",970,18.5438934660573,25.6031688984837,0.148556175829835
"north",971,16.3411068924179,21.3813128591675,0.143285663522408
"north",972,13.5783979271161,28.3520806400394,0.154272680274572
"north",973,15.4861886929388,18.0522178718859,0.114349975401557
"north",974,19.0148808615476,NA,0.110893007384285
"north",975,19.3722418944563,37.5731621436448,0.175126737659113
"north",976,15.9294159012236,38.9229515748585,0.162199892223576
"north",977,16.1377328242496,25.3892135653163,0.197943769408139
"north",978,16.2289015893143,32.6838139420301,0.180107876425955
"north",979,16.7963240707088,32.7665606961817,0.174223168985251
"north",980,18.0718627582083,NA,0.162692441146374
"north",981,11.883715470633,25.1280972929622,0.168365320809406
"north",982,19.1104639425502,33.2687302394071,0.129760598227806
"north",983,15.1677753757281,20.807568142352,0.134127358147842
"north",984,17.6162185325696,36.6799998458208,0.17551197690723
"north",985,12.2625604110567,18.0147207608358,0.153839827723968
"north",986,14.6553227694552,21.8095843612472,0.189590840422952
"north",987,12.0519467033488,19.1316314844434,0.187448198551785
"north",988,13.0098266689467,17.8519669564845,0.155163580531184
"north",989,16.2473805710288,25.5452787778909,0.142458336008645
"north",990,15.971463288168,26.5356804778638,0.23219234305057
"north",991,14.5616928642051,35.4505290580382,0.187562701796283
"north",992,16.12757877847,20.8746081086381,0.1238423705419
"north",993,16.4045975858393,NA,0.164766166986661
"north",994,18.4374723822736,29.1832896758693,0.129272723365794
"north",995,15.5216046484905,18.8749935496842,0.116002671804596
"north",996,15.7849163318495,21.1459244301959,0.170351935071232
"north",997,16.2496977224603,36.6138932741681,0.164454093989369
"north",998,16.6374657581618,22.5596305495121,0.126035028038992
"north",999,12.7296903819993,26.0232970332372,0.200959903764488
"north",1000,18.2734890993188,26.3660998499658,0.127661957060998
"south",1,10.0073718762566,13.1257609063545,0.0861085605481625
"south",2,10.9301668921441,NA,0.0747614669997788
"south",3,21.0736684239299,NA,0.0907065619764947
"south",4,11.1635443762091,11.5621677775525,0.00584035596474386
"south",5,NA,NA,0.0556240510114593
"south",6,38.5625493241065,NA,0.062751962608668
"south",7,9.86360779302048,NA,0.071638734538773
"south",8,NA,NA,0.0405774256958139
"south",9,NA,NA,0.0535519641168922
"south",10,16.752245382765,NA,0.0348577696778093
"south",11,10.0233959372566,38.9254764410518,0.162724663553957
"south",12,14.2172404307554,15.9944571228577,0.0163776886944333
"south",13,NA,NA,0.0165968440213124
"south",14,15.2859156401215,NA,0.083180827386387
"south",15,7.33173680832594,10.1607777615424,0.0727517841768185
"south",16,37.9972342716602,NA,0.0485196317111793
"south",17,30.9184662499216,NA,0.0502568674202067
"south",18,10.9297125163148,11.9606031526569,0.0112436004246947
"south",19,NA,NA,0.123675997025213
"south",20,34.6490855751548,37.5905970478101,0.0442180401330924
"south",21,31.4400134218797,NA,0.0759157329691156
"south",22,10.386431120231,NA,0.0981865148143931
"south",23,11.5227849412268,NA,0.0479364525170645
"south",24,36.3626556715555,38.1230876198942,0.0561012173057152
"south",25,38.6543547140829,37.0923966475767,-0.0172570585244996
"south",26,NA,NA,0.0241818470306515
"south",27,10.6901865048629,NA,0.0865091311437979
"south",28,10.832560945384,NA,0.0760782814842082
"south",29,38.107357301195,NA,0.0605797709728737
"south",30,37.6780953490646,NA,0.0796822380483101
"south",31,11.9745992109444,NA,0.0833192051264552
"south",32,8.21902948167614,8.31125137572662,0.00146540322617983
"south",33,10.5237125657935,13.97116147299,0.0455402075618703
"south",34,10.7667930206339,NA,0.0961099190051393
"south",35,9.04924330819994,NA,0.0532161597178107
"south",36,12.5863772165472,NA,0.0906426426122902
"south",37,35.7798255665568,37.1880482021055,0.0562681465976074
"south",38,32.0172230189004,36.3485593892796,0.0487313960870452
"south",39,11.4018772840453,NA,0.0413177452166244
"south",40,10.6007454277196,11.8224877778035,0.0293181555346486
"south",41,10.5131158296724,NA,0.0548496863190999
"south",42,36.3405814958832,NA,0.0810305632429038
"south",43,10.0298572385384,10.4793954069073,0.0197574504601781
"south",44,11.4563191885002,11.1926429315516,-0.006902852132061
"south",45,12.8788546730406,16.8893696747157,0.0362833255500283
"south",46,NA,NA,0.0593329882169147
"south",47,33.289057294589,NA,0.0900677293842271
"south",48,9.73694011449171,NA,0.0551672069451823
"south",49,14.0302082559686,15.4396703513603,0.00766367633264191
"south",50,10.522596429789,9.5333395524064,-0.0314076890668504
"south",51,10.1163097867947,NA,0.0583845934955127
"south",52,10.9507599573666,14.2283075354267,0.0517520539529239
"south",53,15.7984363349822,38.4017622505292,0.0885565803725783
"south",54,10.6028858804041,NA,0.0959778318578655
"south",55,9.36978127428595,10.9978520341788,0.0644157191765593
"south",56,10.2505732886915,NA,0.0917365960141542
"south",57,8.25283544399334,NA,0.111269142437839
"south",58,35.0758820909356,37.6626914803656,0.0507066080561042
"south",59,12.0423949991151,13.8162584068796,0.0302437191836846
"south",60,14.3871382271653,NA,0.0530165370111762
"south",61,32.9980087642833,37.9103139742977,0.035378003305605
"south",62,32.3642402876974,38.1101605110643,0.0558893343945208
"south",63,10.0249367743033,10.7089329594908,0.0298427148592461
"south",64,10.8963931054767,NA,0.037675548596183
"south",65,NA,NA,0.035263445236113
"south",66,16.5495418013277,NA,0.0523842489115415
"south",67,10.8385105046573,16.1359553418157,0.077468595806946
"south",68,30.2692050811224,37.1789958515878,0.0507048887128145
"south",69,7.6267077935537,16.9494710135838,0.0878767379583356
"south",70,7.72030478587524,NA,0.0938072164305052
"south",71,32.3505086373911,35.8440612972481,0.0602432386586278
"south",72,NA,NA,0.0661200235063034
"south",73,10.0256887738016,NA,0.0451903366427713
"south",74,9.45406481789922,10.1262684532702,0.0357723159072814
"south",75,9.50697629336093,38.2706740615268,0.135562689265868
"south",76,13.0025380146271,NA,0.0674709486328807
"south",77,9.82122689573633,NA,0.121530508402788
"south",78,10.2531106626624,NA,0.064716246045856
"south",79,38.2741424725558,NA,0.0378620947040687
"south",80,11.0609427748663,38.7554502818343,0.0594624563319909
"south",81,NA,NA,0.0303809675542024
"south",82,10.2807664820395,36.4497790713586,0.094920421758703
"south",83,10.4610628972452,NA,0.105425517169598
"south",84,14.3707660631695,38.6358228425309,0.0243925402296902
"south",85,38.3017909419656,NA,0.0556596473540108
"south",86,38.8726597857778,NA,0.0480078103098804
"south",87,9.24408771306459,NA,0.070941869463955
"south",88,9.05627868970803,NA,0.121837635288015
"south",89,10.7845796442147,NA,0.082731000841494
"south",90,12.1996958645992,14.6684259297974,0.0205339350752924
"south",91,16.3294621070359,NA,0.0384730058162777
"south",92,38.7044730675714,NA,0.01522884334538
"south",93,12.4121321420391,NA,0.117651347568413
"south",94,8.14567908429602,7.68566402688949,-0.010548878026097
"south",95,37.3664629786292,NA,0.0600277956639448
"south",96,10.7005103951577,11.9681376800271,0.0270174457355243
"south",97,8.21777328257036,16.9659237930543,0.106312689958322
"south",98,38.1219256164967,NA,0.0471326323069092
"south",99,10.8118904260948,13.054767472414,0.0769240417299771
"south",100,15.094922414127,14.3897884628737,-0.00991159432583201
"south",101,12.8822169315008,NA,0.0794158978376498
"south",102,12.6287587301682,36.0736366048293,0.0767582672500983
"south",103,32.2837250073545,37.7244587405982,0.134456515978575
"south",104,10.1162348883802,11.8514746956064,0.0505138474257227
"south",105,10.5877229027886,NA,0.0450568410670629
"south",106,10.0436898795628,37.4507719135725,0.0634335501989705
"south",107,38.1465858594007,NA,0.0652494109209928
"south",108,13.0448152960568,38.3704076405957,0.0909283002422561
"south",109,10.3769371370444,11.6082472735725,0.0402023836643655
"south",110,35.8000360319353,38.3503426138845,0.0708128475175773
"south",111,6.46600087920145,10.5806995409547,0.0750820847159134
"south",112,9.77384349042102,NA,0.0939977467936566
"south",113,27.5228046027419,36.8258176826327,0.191171494203346
"south",114,35.8845722499057,NA,0.105735895903314
"south",115,10.7134050138634,16.8818148377732,0.0650762125551418
"south",116,9.13776737342685,11.9356270356815,0.0663512359605689
"south",117,10.2016361449901,NA,0.0315615034709886
"south",118,9.85484056940745,38.6588762105837,0.126800677458313
"south",119,9.54824588604675,NA,0.0538669040407078
"south",120,4.17160284998327,6.11307937377224,0.0657614063872507
"south",121,10.3071950162565,NA,0.135558963097641
"south",122,11.457252079068,NA,0.0993258012205059
"south",123,10.4513442991735,NA,0.0411795428167013
"south",124,14.0511357378298,NA,0.0792013602973896
"south",125,12.4839257104834,16.9084737460901,0.0483921125049464
"south",126,10.1520895913378,38.9798995252796,0.127703737527029
"south",127,NA,NA,0.0253955309250709
"south",128,9.83639089351374,NA,0.0650211573075267
"south",129,9.36403669662515,10.4949879117321,0.0317214392508583
"south",130,9.81261843254306,NA,0.065011370831872
"south",131,35.7246238498231,NA,0.0826883055049705
"south",132,14.1880012240373,16.1918262876702,0.0262567094901232
"south",133,10.9525358572254,16.2357089181302,0.0440980181345254
"south",134,13.2383393060826,16.1364525347117,0.0329877343024206
"south",135,7.44624374426563,11.7282396212002,0.0950240461061255
"south",136,NA,NA,0.0348149214743727
"south",137,12.1728055529576,NA,0.084589372625105
"south",138,10.4758240797205,NA,0.0777677397144081
"south",139,10.1638689108684,NA,0.133442181062691
"south",140,6.51170397727425,NA,0.140721494400797
"south",141,35.9189114272246,37.7552396348123,0.0319845001774997
"south",142,11.2025840116716,37.0270599635531,0.0646415237471896
"south",143,32.8677536553616,NA,0.0886621513568819
"south",144,NA,NA,0.0312221876781936
"south",145,9.82618631688189,NA,0.0884416675839881
"south",146,NA,NA,0.0379411396089351
"south",147,10.1620839797627,14.7145958189094,0.0784322818675051
"south",148,14.4655471802232,NA,0.030061439163243
"south",149,36.9269102235024,NA,0.0764564287979355
"south",150,16.9883788793865,NA,0.0693986825581436
"south",151,11.7180705123494,NA,0.0921146174015412
"south",152,14.5402577924303,NA,0.0819334945207761
"south",153,36.6533291946673,38.1050786228584,0.0594226622098851
"south",154,10.8591094346608,NA,0.122495263798553
"south",155,NA,NA,0.0425681908730167
"south",156,32.2554895214096,38.5553741297053,0.118442354305681
"south",157,9.01853188201619,NA,0.043100846264171
"south",158,35.1432952569746,NA,0.0962380533221749
"south",159,13.0057200424578,NA,0.0951654169151013
"south",160,NA,NA,0.0327372046930627
"south",161,36.5022898864652,NA,0.0598357210738965
"south",162,35.3662828812268,38.2374603351051,0.120255406394162
"south",163,32.9055991093498,38.0750880258391,0.0380005854492091
"south",164,11.2778727358236,NA,0.108727626925532
"south",165,30.2696947779579,32.7204312579948,0.0591651785890195
"south",166,32.9799893374582,NA,0.0998178580234325
"south",167,NA,NA,0.0367419601888923
"south",168,NA,NA,0.00486311953111683
"south",169,NA,NA,0.0518919870263256
"south",170,31.6989890435881,NA,0.128194834996289
"south",171,10.9209262951805,38.9881741770088,0.064579317234994
"south",172,13.7342195392849,NA,0.0844053552577002
"south",173,12.9061305888268,NA,0.0617153374956207
"south",174,10.1448738353713,NA,0.0514106198799308
"south",175,11.5751395179326,NA,0.0492317375018099
"south",176,10.0932403863754,NA,0.146420149371049
"south",177,10.4229557820259,NA,0.0773386886012612
"south",178,NA,NA,0.0746501252266033
"south",179,NA,NA,0.0340077477330485
"south",180,36.7769728287646,NA,0.0643540989085669
"south",181,12.2318370157458,38.7805258389254,0.0803605681213713
"south",182,36.595463809018,NA,0.0446284601044099
"south",183,16.1369245935427,38.7014018553226,0.0586557423385613
"south",184,35.7152376729432,NA,0.0958564699438076
"south",185,37.7116502234924,NA,0.0540790663621387
"south",186,NA,NA,0.00738587061156255
"south",187,10.1205632012478,10.6533524826153,0.0223981918340394
"south",188,10.2932323131972,11.9661926013447,0.0290630946022628
"south",189,11.1523373307702,NA,0.0689565358588768
"south",190,10.9222936773845,38.0880570325861,0.0874520676573591
"south",191,NA,NA,0.0162402216528982
"south",192,13.3379154213073,NA,0.0213724793482508
"south",193,10.41799822006,10.8250187948595,0.0123247148279041
"south",194,NA,NA,0.0377711647948824
"south",195,32.6817043494191,38.5312973318783,0.116129313244398
"south",196,12.1129651955994,16.2741658335367,0.078089615122949
"south",197,11.9563577659606,37.5961483038175,0.0795864853449226
"south",198,10.9355645610102,NA,0.0660712226806754
"south",199,15.4801281338389,NA,0.0312337439041385
"south",200,10.5194230004763,12.3467856870346,0.0335556442581823
"south",201,36.2265176241119,NA,0.0468977723336912
"south",202,22.958105575177,36.9862530161683,0.051151120569401
"south",203,16.3373212654545,15.9599887961805,-0.00691298327353857
"south",204,NA,NA,-0.00501360850110477
"south",205,NA,NA,-0.0156622730617523
"south",206,32.453861929148,NA,0.0760818308291961
"south",207,9.36260634760312,NA,0.121466831933382
"south",208,11.9089365358865,NA,0.102410951028699
"south",209,NA,NA,0.0303888755598382
"south",210,32.9277435407659,NA,0.0849919654878098
"south",211,20.6361293861612,NA,0.074082404627205
"south",212,NA,NA,0.00803862320568886
"south",213,10.0262358639513,NA,0.0855835018839076
"south",214,13.2445114139466,15.9801804321389,0.0516767161359133
"south",215,10.5938671211032,14.6245182412202,0.0369043921732456
"south",216,9.66974155739252,10.9332581599125,0.0386988079751863
"south",217,10.2082971693103,12.3230268855923,0.0288270832926919
"south",218,NA,NA,0.0422868986545958
"south",219,37.2867006720519,NA,0.0603786143908004
"south",220,6.87179235739252,5.25986311318872,-0.0383052405231555
"south",221,13.9334392075869,NA,0.0531591046205244
"south",222,10.5438078340325,NA,0.028583132152041
"south",223,10.9378110016558,NA,0.0786344290713294
"south",224,14.6488179089029,38.8214801720035,0.105423955766023
"south",225,10.3098328779772,NA,0.133218422467969
"south",226,10.9920638533807,NA,0.131878725227849
"south",227,10.6494759547109,13.5864821848848,0.0632434058998594
"south",228,10.8292822454654,NA,0.100864913322906
"south",229,10.0390707839326,NA,0.204206553559952
"south",230,NA,NA,0.0503572219313638
"south",231,9.56757597727647,11.0863904137576,0.0551375284369119
"south",232,12.0950162535743,NA,0.028836729233428
"south",233,14.2496889483281,NA,0.126619385538848
"south",234,8.92936506854371,NA,0.0945588049867076
"south",235,10.9661268991116,NA,0.103140568138471
"south",236,12.1497651825842,NA,0.0445389425609264
"south",237,9.15627488230212,10.625604734175,0.0624967369175604
"south",238,6.78441047420273,12.3610575948813,0.0632288309948291
"south",239,11.7614568798714,NA,0.0356510905847279
"south",240,32.823762696163,NA,0.0433774597123904
"south",241,10.6105194859749,NA,0.0434658849842152
"south",242,5.6580080768409,NA,0.0820769039902261
"south",243,10.7270601890975,NA,0.070537095577624
"south",244,35.0139555399877,38.5508078474086,0.0979527475313364
"south",245,32.8792576154002,37.0823935456577,0.0658542415798804
"south",246,11.3177217797069,14.4425511063873,0.044539303587786
"south",247,9.93154128003196,NA,0.0958955426415543
"south",248,14.1734643089286,15.9639730338923,0.0196134368323032
"south",249,36.1346881747133,38.3918827321296,0.076162968247652
"south",250,10.0012668593853,NA,0.096878921393625
"south",251,12.1473241978707,NA,0.0866920212978598
"south",252,36.2347623673019,NA,0.0809728415740633
"south",253,10.2643596269906,15.2826661040544,0.0735015382966654
"south",254,12.8829659029926,NA,0.0756680935763047
"south",255,35.5981411058797,38.8150725812226,0.0898438871060863
"south",256,NA,NA,0.0242280932773806
"south",257,32.7360958334191,NA,0.0669814295967923
"south",258,10.065232383826,NA,0.144399332844299
"south",259,36.1908671639522,38.9595733949413,0.0645423171667547
"south",260,12.1737908200562,NA,0.0660902196717975
"south",261,NA,NA,0.0165357873748846
"south",262,NA,NA,0.0470640517781624
"south",263,38.9760253824752,NA,0.0886929300709435
"south",264,37.336335164537,NA,0.038270718541767
"south",265,12.1446196708562,NA,0.0830590434190813
"south",266,10.7125240650813,NA,0.074137925549988
"south",267,9.26551730851113,NA,0.0894561683356883
"south",268,37.9085246051852,NA,0.0905574566541468
"south",269,11.5688917494542,12.8864276590956,0.0278894319042019
"south",270,12.4124962183916,12.1335664328258,-0.00389217367495391
"south",271,NA,12.5335861704659,-0.0127430261101105
"south",272,10.8966975720788,13.967977933477,0.067481794930881
"south",273,38.5048407465563,NA,0.0191641628621799
"south",274,10.3165973871662,NA,0.142579245667971
"south",275,35.9086948530434,36.5826656081762,0.0238577304383555
"south",276,11.4914023896294,NA,0.0698540051396699
"south",277,7.76639334602807,NA,0.111756527695351
"south",278,10.1544302943761,10.8915762330869,0.017692711316038
"south",279,12.2634100213842,37.598939906796,0.0672684924479534
"south",280,6.17367191521089,10.2668076989045,0.0481758623061597
"south",281,37.6226803067579,NA,0.0809423732696783
"south",282,36.0365977702429,NA,0.11162107549843
"south",283,38.083618325115,NA,0.0183629911280161
"south",284,9.12991222464107,10.2255484534129,0.0469428463040385
"south",285,37.9113354967326,NA,0.0511761940251243
"south",286,16.5393391979762,36.814318498076,0.0882108309258067
"south",287,10.7881454849031,NA,0.0880943542635505
"south",288,36.6484171553826,NA,0.0264534019776705
"south",289,20.8243276998656,NA,0.12086990529728
"south",290,12.0650557742359,NA,0.0781424082434139
"south",291,NA,NA,-0.00155789702875355
"south",292,10.2306961237645,36.092621088973,0.0551683418577914
"south",293,11.7539809228467,NA,0.0548585656408893
"south",294,12.4059473620467,12.7542386576588,0.00659003665573059
"south",295,10.9410550716459,36.8626091378096,0.101799934384036
"south",296,NA,NA,-0.0210080151364582
"south",297,37.4790982240859,NA,0.05009465972843
"south",298,36.1522567068711,NA,0.131607965548503
"south",299,37.8626944044815,NA,0.0179215360495373
"south",300,9.01869088183033,NA,0.0770676362353342
"south",301,36.8290692822764,37.207474479377,0.00895793228562623
"south",302,NA,NA,0.0633567882563657
"south",303,37.4907802081399,38.8550159633361,0.032227501061988
"south",304,10.7795332523569,12.1938963395823,0.00802563636891476
"south",305,10.546492727057,38.761041225977,0.0515739094643266
"south",306,9.9608789590197,NA,0.0867907828542568
"south",307,38.973260612068,NA,0.0651740195057334
"south",308,6.97981146121577,NA,0.0904340938191163
"south",309,10.4134747034441,NA,0.0507572361380025
"south",310,7.40735339666957,10.3075359089003,0.059288463603163
"south",311,37.998450298188,NA,0.0449336021366499
"south",312,36.3207916112068,NA,0.0532281632567089
"south",313,10.8786349012633,12.1479627700186,0.0160572337657464
"south",314,37.4804257946432,NA,0.0781888685439033
"south",315,NA,NA,0.0334024266480803
"south",316,12.2568060466486,NA,0.056057773267999
"south",317,10.7665319561598,10.3616032449137,-0.0210954471593623
"south",318,10.6363397577547,NA,0.0699697049397548
"south",319,10.5152574285745,NA,0.0214788038085998
"south",320,9.28837501669893,NA,0.0762656511847029
"south",321,32.7892486232998,NA,0.0301477517672568
"south",322,10.965352068747,10.7465965270362,-0.0063071598553917
"south",323,23.4344457245152,NA,0.0576816199015971
"south",324,12.2402933298146,NA,0.118527219933562
"south",325,NA,NA,0.073816717025201
"south",326,36.9952201667447,NA,0.0662458550515203
"south",327,10.3873897120698,12.8753091405534,0.0393125811135503
"south",328,9.65946994098732,NA,0.0636644524246335
"south",329,33.8950620265373,NA,0.121004722168686
"south",330,34.9099927434532,38.5099275381676,0.103531526723663
"south",331,13.7765614097923,NA,0.0528903404932337
"south",332,7.30234805927238,8.40346411376163,0.0257838185951344
"south",333,15.9570506151669,26.9198767319814,0.0365700983871118
"south",334,10.0248650021802,11.4297783610676,0.0517306511463288
"south",335,9.23107731490993,NA,0.102507663436208
"south",336,12.747254265625,NA,0.0478109078840708
"south",337,38.3115653661968,NA,0.0827366471820991
"south",338,38.0484757464593,NA,0.0918980400299702
"south",339,9.53667660270188,11.0605889093376,0.0598565769692012
"south",340,14.3889466687704,NA,0.0698989956900434
"south",341,8.81478660826512,NA,0.146602786778351
"south",342,NA,NA,0.042823677735764
"south",343,8.08822550855289,6.81188134167978,-0.0156076226256385
"south",344,37.876143789459,NA,0.0606838407039586
"south",345,10.2828798606479,NA,0.078843192595397
"south",346,10.0744747667935,14.5694787504363,0.0902727865728417
"south",347,NA,NA,0.0114259322061284
"south",348,NA,16.9269195870554,-0.000893415993370823
"south",349,35.1710793432993,NA,0.153785856293108
"south",350,10.6787430234566,NA,0.0920118964331671
"south",351,6.97418780882953,NA,0.0848108625522866
"south",352,NA,NA,0.00715909015928587
"south",353,NA,NA,-0.00390930638120132
"south",354,9.99174546734963,14.7364328604255,0.0800073170698146
"south",355,14.0707404773778,NA,0.0629568170693311
"south",356,36.0683943806317,NA,0.0720006753598128
"south",357,6.16819841054453,11.5656284791692,0.090928428934554
"south",358,9.26145103287513,NA,0.0805484597775108
"south",359,NA,NA,0.03247415012479
"south",360,12.5074518383953,NA,0.0861604035514658
"south",361,NA,NA,0.0465163926887145
"south",362,6.90047427068436,NA,0.122047880002039
"south",363,NA,NA,0.0289057150213665
"south",364,14.6650903953756,NA,0.0757610985823072
"south",365,37.6391813474009,NA,0.0555706887222889
"south",366,9.50022106524167,NA,0.173635145594883
"south",367,36.3387274115472,38.210261922118,0.0426536868194948
"south",368,10.5138884992334,13.6615986308731,0.0756588324251861
"south",369,12.2889109762756,NA,0.0790530446529566
"south",370,10.0078749842898,12.6978960803904,0.0564112916393216
"south",371,11.573329167137,37.8463162926124,0.108452325240917
"south",372,8.22989446623466,8.71734168636239,0.015729454439968
"south",373,NA,NA,0.0374843342579437
"south",374,8.65382816991535,10.8260789115393,0.0718607022857855
"south",375,38.6093061814567,NA,0.0634712332678001
"south",376,14.5275938600641,NA,0.080895873449553
"south",377,NA,NA,0.0530214567474685
"south",378,37.644404390556,NA,0.022211113735319
"south",379,12.0878790558115,11.8689920523968,-0.0040421588191329
"south",380,13.1054179269134,NA,0.0543972658587451
"south",381,12.5483468734496,NA,0.0374046929647459
"south",382,10.9022616698009,NA,0.131924120111104
"south",383,10.012137812985,10.7703963372594,0.033545370747476
"south",384,15.9542543893753,NA,0.068174177956936
"south",385,NA,NA,-0.0211475784849057
"south",386,9.02800877885978,10.5941201140536,0.0583587887812412
"south",387,35.7957091342219,NA,0.0549596542190319
"south",388,14.3222197193821,16.47438816207,0.0142623756046153
"south",389,11.7849779835841,14.200954002417,0.0381855014599911
"south",390,NA,NA,0.00512192970210252
"south",391,37.9031057508772,NA,0.0632548843605655
"south",392,9.37781897928281,NA,0.122697825803167
"south",393,10.6852171654674,12.0916410236731,0.0213347723484603
"south",394,35.7939707243117,38.7255451828467,0.117351912284734
"south",395,16.854096430954,NA,0.0479816028857549
"south",396,36.0481543891454,NA,0.100845755598589
"south",397,10.3530598272803,NA,0.105159756045642
"south",398,10.73284049448,NA,0.0770004411799492
"south",399,NA,38.4386312231016,-0.0139559267511001
"south",400,37.2311129044967,38.1650280944717,0.0263955327400937
"south",401,5.82643201244035,NA,0.0484119758579607
"south",402,NA,NA,0.00785786352988956
"south",403,10.9155103083779,NA,0.111390342630135
"south",404,12.5411111719984,NA,0.0993848065544015
"south",405,9.55787784378137,10.084056031938,0.0171529184470737
"south",406,38.148219385735,NA,0.094764918205406
"south",407,10.6596626707144,15.0393505993396,0.0832992434391582
"south",408,32.2209079247227,38.1786171042085,0.0200686677815697
"south",409,10.1247890051552,38.4455206541954,0.146370461461837
"south",410,10.2827353063898,NA,0.0845487271296218
"south",411,14.9349531259334,NA,0.0199325696493487
"south",412,NA,NA,-0.0195573125131263
"south",413,NA,NA,0.056684878277999
"south",414,5.49370613956005,NA,0.1572524721126
"south",415,10.2524908716994,12.2089606105642,0.0693268059685773
"south",416,32.8066462356169,36.5270742122696,0.0612269074202272
"south",417,NA,NA,0.0401737740244776
"south",418,NA,NA,0.000200499945193302
"south",419,9.78600451529505,10.1687921413028,0.0168034239281095
"south",420,10.5479688166458,10.7992143666995,0.0042181206907634
"south",421,NA,NA,0.0290768550405676
"south",422,6.51565582266826,9.79384487028674,0.0524694733420551
"south",423,NA,NA,0.0107047762579866
"south",424,20.001958892299,NA,0.0713745045004611
"south",425,36.8104366476172,NA,0.118932984437534
"south",426,14.1900121191195,NA,0.0681929256890053
"south",427,NA,NA,-0.0175312112841417
"south",428,37.6856287647479,NA,0.0987371701419942
"south",429,10.5922000249114,NA,0.0732030831654632
"south",430,11.7936097115189,13.1109530365952,0.0310299713001063
"south",431,38.275049128144,NA,0.0453311242858285
"south",432,10.6241037428948,NA,0.0491324605621148
"south",433,10.1299541394887,14.0874581463976,0.0473361805329158
"south",434,30.7603137985296,NA,0.0542877283906448
"south",435,NA,NA,0.0201591920459433
"south",436,9.218395153398,10.2419906120364,0.0310001387626196
"south",437,12.1701270000625,38.8507421571032,0.0585101875611232
"south",438,NA,NA,0.0237816922258057
"south",439,10.8466661140503,NA,0.0938662830697584
"south",440,11.8161986652496,NA,0.0387331536848207
"south",441,10.8358126342469,NA,0.0720596960541413
"south",442,10.1062628898123,NA,0.0928391173878279
"south",443,36.2081091544982,37.3398081004087,0.0376837751464536
"south",444,11.1684782929263,NA,0.0982078462676786
"south",445,6.2351801726394,10.2491904118483,0.0782610512028389
"south",446,10.6983133087848,11.4176788279986,0.0279159487610899
"south",447,11.2072983184331,NA,0.0666600691630579
"south",448,14.4247748470618,NA,0.0859275876887081
"south",449,9.64396977447253,NA,0.0605177205040675
"south",450,38.7081393006278,NA,0.0280228134686689
"south",451,10.4950260831233,10.8907083699272,0.0170832530507972
"south",452,9.78723272843803,NA,0.119067076877791
"south",453,38.5622911224249,NA,0.0198931235005148
"south",454,11.8707182977437,16.776218887901,0.0392387371786994
"south",455,12.5214708015799,15.1243005994168,0.0151878647103713
"south",456,7.07101928701979,NA,0.106316212816368
"south",457,35.9995417012477,38.5208603806679,0.0778524713176161
"south",458,7.90633785415666,NA,0.115835429794083
"south",459,38.7892131274281,NA,0.0502649742811051
"south",460,12.7650885242447,NA,0.0714069176927073
"south",461,10.6204396206439,10.658259107442,0.00125721259266087
"south",462,32.6039083423782,38.9721352350815,0.0812745510408974
"south",463,10.9299512890891,38.3009033678846,0.114866725753264
"south",464,NA,NA,0.0043034880342466
"south",465,9.99252151418326,38.3672503070506,0.0956919791916741
"south",466,10.9057764328231,NA,0.0652053767213224
"south",467,37.9131159333287,NA,0.0847211954902511
"south",468,12.0109874646503,36.3580515956039,0.0869390587811321
"south",469,37.7403409088561,NA,0.0524106288382276
"south",470,37.3393747933606,NA,0.0376836768471653
"south",471,32.7971463429449,NA,0.0722456365152844
"south",472,35.2893356623212,37.5387404454996,0.0924454464966934
"south",473,37.956133659082,NA,0.0566358124518132
"south",474,13.0810978250576,16.9759759672372,0.0480050092699678
"south",475,36.8004148179846,NA,0.0725505460393697
"south",476,NA,NA,0.0138372283040561
"south",477,9.17680127172738,NA,0.0868546751860754
"south",478,10.4014823643525,NA,0.0567199064236555
"south",479,12.9704670270612,NA,0.0419186710692021
"south",480,12.1334016998995,NA,0.0309330669634483
"south",481,35.3721214090191,NA,0.0956242445710823
"south",482,12.5650198028048,NA,0.0688048399185282
"south",483,10.0996728459098,14.7870066854844,0.0602061837139642
"south",484,37.8818489319362,NA,0.0573360872985824
"south",485,9.48263180929075,NA,0.0485295229243832
"south",486,37.9398508352864,NA,0.0678808204973648
"south",487,9.36341355406406,10.8052330028395,0.0452020688058957
"south",488,38.0300917324901,NA,0.022287997334203
"south",489,15.7130347408554,14.665245444302,-0.00792838376502214
"south",490,36.8463940457612,NA,0.0692348449167709
"south",491,NA,NA,0.0379427853176657
"south",492,9.79104922532072,37.9951903493412,0.0359461747244676
"south",493,10.4317819817125,NA,0.102934315066991
"south",494,9.63407383867093,NA,0.0590128957833729
"south",495,35.5129961556706,37.7343194985569,0.0775099745153656
"south",496,10.0630530194322,NA,0.0626595234984204
"south",497,6.17283996406883,10.4287419655498,0.0392070464600457
"south",498,10.8598881918995,NA,0.0328910860918112
"south",499,NA,NA,-0.00311903129350383
"south",500,38.6497535658275,NA,0.037276914595104
"south",501,10.6572039928628,NA,0.117414522783399
"south",502,36.5260480514183,NA,0.0724685599565109
"south",503,10.6862208701239,NA,0.0258422256715843
"south",504,11.542538541631,NA,0.0666076793942152
"south",505,15.7901674400097,NA,0.0412693283571775
"south",506,32.414161058499,NA,0.12288046760805
"south",507,38.945275769008,NA,0.0320067015943249
"south",508,9.71684222777911,NA,0.136532528210183
"south",509,9.68415863256207,NA,0.0912326663595492
"south",510,35.9294841160769,38.0504462215513,0.0411445107264449
"south",511,12.0659616356095,12.4469903543175,0.00731004947072309
"south",512,11.7203016377671,NA,0.103569190620981
"south",513,12.7513388298729,NA,0.0439567646080914
"south",514,10.2309507348726,14.7503319430789,0.0621660389033627
"south",515,12.0764070016619,NA,0.037846406983384
"south",516,15.4805780431651,NA,0.07625385567592
"south",517,14.9593558047308,NA,0.107427532319893
"south",518,10.9090444332529,NA,0.0803578704379462
"south",519,10.0921927245687,NA,0.0700137191701599
"south",520,NA,NA,0.00890577709118094
"south",521,8.68821929698682,NA,0.0796695865758944
"south",522,10.4526940447863,NA,0.0279710826072873
"south",523,36.730607968818,NA,0.0463845745381969
"south",524,8.8049182582409,10.6886794569854,0.0614610181736451
"south",525,10.9491792702219,12.67758933791,0.0133674337646242
"south",526,37.650530071398,NA,0.0740573163429805
"south",527,10.8227697847387,38.5652739080135,0.0763900927658102
"south",528,34.3520017070975,NA,0.096268565419928
"south",529,38.8840396758637,NA,0.0723478893801312
"south",530,15.9180666410748,NA,0.0141757827932602
"south",531,16.2559322433791,38.3828959875255,0.0729670653023686
"south",532,9.0735630574683,12.1797516127166,0.0624144554494656
"south",533,10.0001591903047,10.5981473344505,0.0209881578256434
"south",534,35.4728799616464,38.3946605435552,0.114738492865381
"south",535,9.96929797439532,NA,0.0456840238949584
"south",536,12.8310499686946,37.9359037349985,0.0604040870779203
"south",537,15.0778491971124,NA,0.0901473538186209
"south",538,10.394256245174,NA,0.0697098316868116
"south",539,9.98223146716534,11.4645370512009,0.0266172244444706
"south",540,11.6994921548368,16.0986658801136,0.031175889395708
"south",541,21.7516490930079,27.0001698733835,0.0928962635403987
"south",542,38.6102335874262,NA,0.032260995575166
"south",543,10.5464579960222,37.7189084326363,0.0602092955138968
"south",544,18.4344808186988,NA,0.0315430583286727
"south",545,10.952141787409,NA,0.0982384501058151
"south",546,NA,NA,0.0738921044022426
"south",547,10.9022064707218,15.2322199736659,0.0821717076176249
"south",548,14.752977425502,NA,0.0499566189357818
"south",549,10.8289947864762,37.5448454858832,0.0662796423346617
"south",550,38.4754420121219,NA,0.0836332058815816
"south",551,NA,NA,0.0317367099163297
"south",552,8.22342281210006,10.3783907189702,0.0889564047731607
"south",553,NA,NA,-0.0010914199568951
"south",554,9.22768723975225,13.8092043334516,0.0818335439082526
"south",555,10.9116788360386,10.4989217929191,-0.0191393397791839
"south",556,11.8288403209929,38.6528760876317,0.0689680675506133
"south",557,NA,NA,0.0092317702115448
"south",558,35.2190043478314,38.71687973254,0.0979156551160416
"south",559,37.118806111732,NA,0.082910605717848
"south",560,14.4252981855592,NA,0.0878856304150396
"south",561,38.199535748334,38.8570994798593,0.0186447527916497
"south",562,37.1046948421985,NA,0.0678357240108676
"south",563,15.3659807388191,NA,0.106751085395537
"south",564,36.133016577129,NA,0.0625541013435878
"south",565,38.7262551868331,NA,0.0708012311035591
"south",566,NA,NA,-0.00493015754976931
"south",567,15.10584916203,NA,0.0881418915410735
"south",568,11.9477299161637,NA,0.126222485192939
"south",569,13.3309296756193,NA,0.0946982438416077
"south",570,37.0033325423748,NA,0.0483628582999636
"south",571,8.23496778102491,10.0915293782409,0.0700847907006243
"south",572,NA,NA,0.0190757198418504
"south",573,10.6969497294175,37.500594314549,0.0897362199571111
"south",574,10.7489585473279,NA,0.13244558588379
"south",575,NA,NA,0.0220942139561832
"south",576,NA,NA,0.00363754515766356
"south",577,12.7111461251736,38.8165912221162,0.137606490648534
"south",578,9.54794647096596,8.91277080068883,-0.017292929025459
"south",579,9.79856623440285,NA,0.0674932205887079
"south",580,NA,NA,0.0587371630622172
"south",581,37.9528074866379,38.2007414239859,0.00947125199450492
"south",582,11.5201351672784,NA,0.0677247468631801
"south",583,9.31599375496478,35.6323312554508,0.0602469810169727
"south",584,14.5159049332784,NA,0.136066096764848
"south",585,38.6861684544132,38.6942844946475,0.000371923353182544
"south",586,6.49123529793498,NA,0.0727613666669911
"south",587,34.3178629542483,NA,0.0982906913661006
"south",588,12.9828219641086,NA,0.0822907238910454
"south",589,37.9481134090675,NA,0.077000585922806
"south",590,13.2050299623923,NA,0.0298193872862923
"south",591,38.6464186107046,NA,0.049044961293019
"south",592,10.4518281556903,32.3296063852373,0.100513377437854
"south",593,30.123598052831,NA,0.117277599929504
"south",594,11.9430893433808,NA,0.168962461335229
"south",595,10.9193690349947,NA,0.14481396673065
"south",596,11.8364750127527,14.9729847219344,0.0503596642391003
"south",597,10.513141450047,NA,0.0758670911801475
"south",598,10.0075227474361,11.5583993853497,0.037615920234095
"south",599,9.90423677088327,NA,0.106472964748688
"south",600,10.9839401417282,12.7108686148063,0.0279039301285054
"south",601,11.2271673912912,NA,0.0533696349989508
"south",602,10.7349052164911,NA,0.081830160001867
"south",603,10.4732162220537,NA,0.0671009360091087
"south",604,NA,NA,0.0453719197734374
"south",605,12.8048205580915,NA,0.0702849323515312
"south",606,16.8169148183703,NA,0.059258927291628
"south",607,15.102248049081,NA,0.0517706429746918
"south",608,6.70591296003282,10.5280486210847,0.0690319619341335
"south",609,15.8128920280919,NA,0.0571281072710501
"south",610,14.5405034680704,NA,0.0893496134067086
"south",611,9.0635171096644,NA,0.121349993197951
"south",612,36.0235252857406,NA,0.0557731323545763
"south",613,37.6387849378484,NA,0.0675779247256817
"south",614,37.9183517038678,NA,0.0357601241863724
"south",615,NA,NA,0.00738055447533518
"south",616,NA,NA,0.0141693593434064
"south",617,10.0707366913111,16.7969577860944,0.0701478486259419
"south",618,12.6380445471678,14.3772929988555,0.021576195672622
"south",619,10.1176888137961,NA,0.0671890350451708
"south",620,15.718597839589,38.2061802679618,0.0635035343135653
"south",621,9.75051394358598,NA,0.0824289555839786
"south",622,NA,NA,0.0247163492161689
"south",623,37.6789471618423,NA,0.0564823604501788
"south",624,10.1146083395003,10.177777451534,0.00110324346322473
"south",625,35.3296448039397,37.7711869828587,0.0775299481739558
"south",626,NA,NA,0.063297816211089
"south",627,38.8742430960042,NA,0.0475816023829117
"south",628,11.5655620574278,NA,0.069720118610353
"south",629,10.2831347727951,NA,0.085771909326657
"south",630,6.85151588057296,9.60340376827749,0.0463634892940431
"south",631,10.9391906266195,NA,0.137095377966419
"south",632,14.8462571936044,NA,0.0537009112130453
"south",633,38.5110630412799,NA,0.0413458198221573
"south",634,12.5134027272731,14.1138806769415,0.0217917873279369
"south",635,10.243022140027,38.4868638233913,0.071188475595675
"south",636,38.3601530128345,NA,0.0332944773558597
"south",637,10.2521805157851,NA,0.103171518123419
"south",638,10.8764277059517,38.2735957961295,0.0797763818560812
"south",639,5.67487154766687,10.4296609862338,0.0886210026903939
"south",640,NA,NA,0.00653934046638359
"south",641,29.5207201073743,NA,0.0862877751279232
"south",642,37.5110899509658,38.4656246135311,0.0410742221442876
"south",643,12.1072583939342,NA,0.120422652925708
"south",644,9.18451769280237,9.59965991352972,0.0207979587694688
"south",645,11.527220760615,NA,0.0639221796136765
"south",646,12.9437774928072,NA,0.0688609882368138
"south",647,NA,NA,0.0698909171560854
"south",648,16.5658633842102,NA,0.00647234624551814
"south",649,NA,NA,0.00860250681796364
"south",650,22.6811133434164,NA,0.0637093116985645
"south",651,15.8758176392186,NA,0.0849203521408005
"south",652,NA,NA,0.0145557051572895
"south",653,9.65903442833802,NA,0.0827133645641406
"south",654,11.1009419039331,NA,0.0712833474947948
"south",655,10.9181088462846,NA,0.0604929920526194
"south",656,9.56348456532325,11.9333478056898,0.0508128456694645
"south",657,37.2897294442598,NA,0.100223331046464
"south",658,6.80266506820665,9.05226666940839,0.0333229628112294
"south",659,12.2766167817873,NA,0.0193003715826924
"south",660,12.1841179081944,NA,0.068757025209536
"south",661,15.7306532214256,NA,0.0556558884560403
"south",662,32.4414306519202,36.8410030772422,0.0789594515560439
"south",663,21.1019817207147,NA,0.0801564066378892
"south",664,12.1469022210379,NA,0.149704599731137
"south",665,37.0217397159832,NA,0.0511626467632718
"south",666,36.8174831109806,NA,0.0578758793826529
"south",667,10.2564527363292,NA,0.073135426716307
"south",668,12.9482343172742,13.7151148149607,0.00118579941702319
"south",669,36.7849323367052,NA,0.0385181582939156
"south",670,11.6645979877928,NA,0.0542661055086153
"south",671,10.6266210441139,38.6353535053127,0.157699796095231
"south",672,6.6340126419805,8.62264707599571,0.0534666785931232
"south",673,10.1415251492469,NA,0.148092718554222
"south",674,36.2969773894093,NA,0.0403930701120263
"south",675,NA,NA,0.0414210997235379
"south",676,9.94388585237571,NA,0.0866284682163837
"south",677,9.87097352996182,10.2868341749379,0.0112538162315084
"south",678,11.0528210855615,NA,0.0745444737376246
"south",679,10.0131985950862,11.7513763744717,0.0453278452995078
"south",680,37.6043514390177,NA,0.0535264847846602
"south",681,8.6668584974944,9.51820046660973,0.0169494564899474
"south",682,NA,NA,0.0506773127471976
"south",683,13.420446449556,NA,0.0741752019710562
"south",684,9.64040827880931,16.3483175707349,0.0512837379772622
"south",685,14.880577813258,NA,0.0181809222507701
"south",686,8.36178185990238,NA,0.0742288006992173
"south",687,36.0947550878712,NA,0.0715291982701274
"south",688,10.8362898733636,NA,0.0860305400763919
"south",689,10.6217376131384,NA,0.0396006842716606
"south",690,15.7494584805108,NA,0.0996819679921663
"south",691,32.2934351380952,NA,0.056289395679188
"south",692,15.9008696687063,NA,0.0725449367918936
"south",693,12.1931609892732,NA,0.0307259810483002
"south",694,NA,NA,0.0725294840758395
"south",695,35.338527180237,38.0194633608589,0.109683431924502
"south",696,16.0963507282387,22.8803099625339,0.039850821981314
"south",697,16.1932305679826,NA,0.0626184444201901
"south",698,8.13193131399471,12.2993727837688,0.0988187836967551
"south",699,10.9505087241848,15.1646073026264,0.0525515176114205
"south",700,NA,NA,0.065133653063205
"south",701,10.1027466133847,NA,0.0859388509018626
"south",702,38.6178951865753,NA,0.113056213847262
"south",703,NA,NA,0.0434578325170003
"south",704,37.6696216681853,NA,0.0276718867290884
"south",705,14.6050033546539,NA,0.0280010435581574
"south",706,12.2481494762008,NA,0.0506165745800258
"south",707,31.8634585744412,37.6803952254583,0.121993527358323
"south",708,10.5189333258991,NA,0.136330933235999
"south",709,12.1011366052568,NA,0.084907503799312
"south",710,10.2046481067404,NA,0.0793576993352642
"south",711,32.8914325125458,36.2027939846728,0.0424772790438545
"south",712,15.1080689722541,NA,0.0685365953881295
"south",713,38.8093440906155,NA,0.0303177947291673
"south",714,7.88911398521616,10.1527474013101,0.0510279178490866
"south",715,NA,NA,0.0697445411394827
"south",716,12.1392482340104,NA,0.114592777917999
"south",717,10.6756137011859,NA,0.0905902800351344
"south",718,14.9377497553637,NA,0.120420153297666
"south",719,14.9637498207314,NA,0.0569043554560682
"south",720,10.5352395065577,10.8417366373927,0.0119403305001304
"south",721,16.7662789650873,37.6476734386861,0.0135994248733765
"south",722,38.165951118656,NA,0.0611504085710309
"south",723,10.1409122911188,NA,0.0712870475493154
"south",724,11.0538505456028,NA,0.0456095862657193
"south",725,8.95697794170336,10.176660815368,0.0558413651464843
"south",726,11.5892833153073,NA,0.137293307882848
"south",727,38.5038002351437,NA,0.108680454151556
"south",728,31.9949800770367,37.3479196180705,0.115397821748624
"south",729,36.8020489012406,37.2369759027629,0.0119739116635895
"south",730,10.3858094761595,NA,0.0416626293717709
"south",731,12.7599231169124,NA,0.0380102054741497
"south",732,NA,NA,0.0207738364972658
"south",733,11.5921529416518,NA,0.0426333787263326
"south",734,11.6852253357082,10.9728264007669,-0.0124233790750257
"south",735,10.249790202506,NA,0.0756215687205607
"south",736,9.51611676878269,NA,0.100534431482456
"south",737,12.4147202082472,NA,0.0981203408973046
"south",738,38.064463290719,38.4711087362946,0.0148187304778174
"south",739,11.3321737285081,NA,0.0745177089480363
"south",740,11.6204492669813,NA,0.0912800970503627
"south",741,10.7652184595679,NA,0.136118163250266
"south",742,15.2999019628229,NA,0.129621784433006
"south",743,6.61251111934629,NA,0.0474698223993913
"south",744,37.5299805174356,NA,0.0469596881111866
"south",745,12.5157638452939,14.8243934333763,0.0381983754793472
"south",746,9.56863007392593,11.500473059585,0.0579822526845934
"south",747,4.59483336097698,6.51255376838579,0.0564096970790247
"south",748,11.0368303733564,NA,0.0518475111939617
"south",749,11.9792605671762,NA,0.0482343982567586
"south",750,12.3457032450918,NA,0.0682889522330232
"south",751,38.3436014633033,NA,0.065111894470928
"south",752,NA,NA,0.03891289296719
"south",753,29.2845750890791,38.1120908015645,0.10573524154141
"south",754,13.7156954295337,NA,0.040923903631968
"south",755,12.9097372989309,NA,0.045048397451178
"south",756,38.762402968627,NA,0.0424332841093668
"south",757,38.9810547869001,NA,0.0591023162037199
"south",758,9.35019849650408,37.4697723007899,0.0861259352241069
"south",759,10.7747170337071,38.5452138409401,0.123017602353391
"south",760,35.2101158066271,NA,0.095843988526035
"south",761,13.8359209890956,NA,0.101231360146953
"south",762,11.4041836008677,10.7245238966929,-0.0123898695751049
"south",763,11.0209303265089,NA,0.0515723764899575
"south",764,10.5730167542765,NA,0.0829949596654235
"south",765,11.0256368842352,10.7827228645461,-0.00919079311729064
"south",766,9.66130592564858,11.0147566961066,0.0403518249186072
"south",767,16.9863888389777,NA,0.0961039969469045
"south",768,4.73858147072308,9.42380202338436,0.0596724505830036
"south",769,10.6737345360905,11.2768915646813,0.0181334926648176
"south",770,16.7924476375899,NA,0.0617113925682982
"south",771,NA,NA,0.0154019476983034
"south",772,9.52643811372043,12.0567859633357,0.0753325366522539
"south",773,4.95471035976588,12.788719308557,0.0894188636916111
"south",774,11.5041595477852,NA,0.0601931832467852
"south",775,35.7304716953812,37.4530445839202,0.0346825949015982
"south",776,37.4929734292978,NA,0.0485174558441191
"south",777,9.8392764914992,12.3592362372866,0.0775781133159503
"south",778,37.2558390689469,NA,0.0866353701620602
"south",779,NA,NA,0.00705959988310458
"south",780,NA,NA,0.00170177204250923
"south",781,11.834155828871,14.3297161229026,0.0378172068292981
"south",782,13.4317328466891,NA,0.102126626409705
"south",783,36.9363284206168,NA,0.0855786395472924
"south",784,12.0891779307204,13.0049644071982,0.0268433924161609
"south",785,35.6414252960176,37.9205099267453,0.049233899516911
"south",786,35.8414292067926,NA,0.0636261275733366
"south",787,36.8649363318337,NA,0.060902261353874
"south",788,16.6017047456638,NA,0.0693247338939135
"south",789,10.6017129628505,NA,0.120760530915339
"south",790,NA,NA,0.0131449959700352
"south",791,13.0474060159655,NA,0.101080261566761
"south",792,NA,NA,7.95830483394486e-05
"south",793,NA,NA,0.0260706457046486
"south",794,9.86801987664255,NA,0.0790143991000907
"south",795,10.7232368196801,NA,0.0582985477133775
"south",796,37.1341447321498,NA,0.0694693185593028
"south",797,NA,NA,0.0771873072558947
"south",798,NA,NA,0.0425986121558101
"south",799,14.4316428507515,NA,0.0532555610040234
"south",800,7.06471065421536,9.98461058559677,0.0574616904129549
"south",801,37.0394371948277,38.0621387435739,0.0409448050435062
"south",802,36.0965438907659,NA,0.100899239013656
"south",803,11.0728727687126,NA,0.0348315517818884
"south",804,16.5419657284675,15.0630819763613,-0.0255510136367921
"south",805,14.6271033029641,NA,0.0723781897645844
"south",806,NA,NA,0.0353393771425024
"south",807,10.3320367104329,38.6834118438182,0.082872997150109
"south",808,13.0111957945117,NA,0.0553358993163104
"south",809,9.7984437724168,NA,0.0743728704083966
"south",810,NA,NA,0.0296295390384487
"south",811,10.915246453568,38.1770704531255,0.0751607365998416
"south",812,37.5545412865911,NA,0.0866929805234161
"south",813,38.7995128985317,NA,0.0559824832060493
"south",814,10.8728795964758,NA,0.107848828227512
"south",815,8.70448492363822,10.5248683459602,0.0698176192316443
"south",816,8.22271488008392,NA,0.0741510357164665
"south",817,10.0028487317018,38.9867015121091,0.0979687586009506
"south",818,9.04074929693353,NA,0.0776161595179493
"south",819,NA,NA,0.0300480044006452
"south",820,10.136480648132,20.3036499439961,0.0588887363031423
"south",821,11.4115745153352,NA,0.129219403296202
"south",822,10.195388622506,38.1162673129392,0.0946480340947947
"south",823,11.2019331775392,12.8354635532599,0.0317761864144131
"south",824,NA,NA,-0.0285576604391526
"south",825,10.1244329819194,38.2245344708983,0.128484213016952
"south",826,10.0890909774654,12.3825052533326,0.0451365777704139
"south",827,36.1956557971632,NA,0.115813600164567
"south",828,7.97004810099467,NA,0.0935780819128306
"south",829,NA,NA,0.0410779533200388
"south",830,13.2529700686399,NA,0.0744700242889275
"south",831,10.5265018503956,NA,0.0203934478723872
"south",832,12.2758323180491,NA,0.118474533967407
"south",833,10.5917915494783,16.6831428422067,0.0747308900070311
"south",834,NA,NA,0.0560940211459622
"south",835,9.37914882798668,11.9680210440367,0.0581688123128326
"south",836,36.2689809338108,NA,0.0468408433027896
"south",837,10.7021844449063,37.4686029838129,0.0848125983815224
"south",838,11.1003077186019,NA,0.196981883250446
"south",839,10.7189569581584,12.4810384406111,0.029484638839544
"south",840,11.7888551143909,NA,0.0331955461510738
"south",841,10.1096407845224,12.5443996382232,0.0499992206260607
"south",842,10.9386927009918,NA,0.064882317583365
"south",843,12.9930228073907,NA,0.125572429904809
"south",844,10.0177274738852,NA,0.104182110820483
"south",845,12.0179233121105,NA,0.0221524496437539
"south",846,11.1038643495148,NA,0.123312801693429
"south",847,10.6045169907256,NA,0.0822211102556125
"south",848,11.3742305179221,NA,0.115469987805567
"south",849,8.72694385287665,NA,0.113101006780725
"south",850,14.3151767716198,NA,0.072202599751527
"south",851,10.0617895722432,NA,0.084736655445958
"south",852,13.5500483212601,NA,0.111840734932155
"south",853,8.10739547255098,11.7785053581969,0.0829676067225907
"south",854,12.3842245431317,38.3665227396381,0.0594564340000779
"south",855,12.5669859000768,NA,0.0708580776474126
"south",856,36.3997087800629,NA,0.0810028351690677
"south",857,10.2873749316128,38.9088976123537,0.134365639565574
"south",858,37.0629558827385,NA,0.107266338999757
"south",859,10.8737532879066,10.7949178161485,-0.00236397417908892
"south",860,NA,NA,0.100365391561622
"south",861,10.8990713582144,NA,0.116739458047322
"south",862,12.6991845989288,NA,0.0627607199635686
"south",863,10.1444981390962,14.518694167527,0.0733821344672777
"south",864,13.7445615675681,16.6687345983589,0.0204167027633158
"south",865,37.5163743803642,NA,0.0802820408505827
"south",866,10.5557853320562,NA,0.109025979729574
"south",867,NA,NA,0.0341793227321155
"south",868,12.8291994994233,NA,0.0610312557963291
"south",869,15.4193751262728,NA,0.0279405187082152
"south",870,14.1922662499285,NA,0.104380495477484
"south",871,12.9818453937162,NA,0.0642932958715853
"south",872,35.8759198601061,NA,0.0867417524674074
"south",873,10.474118766218,NA,0.109295254503668
"south",874,12.2147020530412,NA,0.0267482946724044
"south",875,10.4021614648364,NA,0.0447356906376473
"south",876,36.8453461585385,38.9084878441837,0.0956432068695054
"south",877,36.2649362471373,NA,0.118277009811356
"south",878,36.5550215912571,NA,0.0701945285241007
"south",879,12.8719764294317,12.6314570912334,-0.00670794782689605
"south",880,15.2466666565422,38.3001987320423,0.0604805778777134
"south",881,11.0408111432386,36.1036047206239,0.033645712349903
"south",882,36.1320110148622,NA,0.149634749486543
"south",883,11.7656978841012,14.7737559104379,0.0537382446780894
"south",884,NA,NA,0.0587813896764645
"south",885,12.8194390467911,NA,0.0670259681119023
"south",886,11.4954296887345,38.5228102397397,0.0721964020598707
"south",887,NA,NA,0.0588308204319414
"south",888,10.34244781857,NA,0.0914373859590787
"south",889,13.2686423290055,13.1132935752206,-0.00140536639808835
"south",890,8.80230308863124,NA,0.0636783752321013
"south",891,12.8416693043043,NA,0.128855750720441
"south",892,9.21892913039771,16.2154288465271,0.138428279896082
"south",893,9.26268973082334,NA,0.108076129075913
"south",894,10.2550935517517,10.8365959116146,0.0320408674523899
"south",895,12.7630064411464,NA,0.0760490907576613
"south",896,9.33389185659932,16.5597674786648,0.0948984746742597
"south",897,8.6748473142703,NA,0.054175838065851
"south",898,9.60521894804507,38.466290081089,0.120145642301728
"south",899,11.4672944642858,NA,0.117845446301828
"south",900,37.2945601187093,NA,0.0995963278146349
"south",901,12.2219782928493,12.9012065207111,0.0120934626438486
"south",902,10.3044802780371,11.4132621465328,0.023788133271944
"south",903,NA,NA,-0.0200057830100591
"south",904,38.7125271733749,NA,0.0673179402057448
"south",905,37.9785280138116,NA,0.098040252445451
"south",906,10.6379127605153,37.8644726676193,0.136067525157778
"south",907,10.3009483628564,NA,0.0626787664758166
"south",908,NA,NA,0.0240669995674655
"south",909,22.6787074407088,NA,0.141167817876233
"south",910,NA,NA,0.0133324795171742
"south",911,38.3479045540965,38.968764218931,0.0190721624641235
"south",912,8.46494993903042,38.5563228880349,0.0960111018914
"south",913,33.2804702089714,37.0998442690724,0.105083983303488
"south",914,10.7091650222735,38.4066210866357,0.129379196156604
"south",915,36.5265591768358,37.8929913684871,0.0489241300418134
"south",916,12.0870365777883,37.7049447264816,0.116838833737631
"south",917,11.6361205120974,NA,0.1241127951664
"south",918,11.9648006592326,NA,0.108916538149445
"south",919,37.7317231623222,NA,0.117480610356098
"south",920,16.0883122693991,NA,0.0501983459912358
"south",921,9.8938856241845,37.086094275057,0.144998731208969
"south",922,16.812773886732,NA,0.0698991297493634
"south",923,36.8666540419266,NA,0.0808717819235934
"south",924,10.4380827156031,NA,0.0784739619386875
"south",925,33.6813971862999,NA,0.0524933788124656
"south",926,38.3220355067089,NA,0.0663175434216198
"south",927,12.8131700970742,38.2114039501838,0.0263985420505224
"south",928,12.9751664831321,NA,0.106491163052306
"south",929,38.98616293154,38.6794876794314,-0.0141443310797507
"south",930,10.928087073178,NA,0.0317040726911331
"south",931,36.415569411108,38.872841513852,0.0863147298080128
"south",932,11.6984279169364,38.6131745762499,0.0273831086280514
"south",933,10.2849098266203,10.2186268420545,-0.0027998086955696
"south",934,8.3732473832121,8.73919119362572,0.0065555106506703
"south",935,37.0282923058582,NA,0.0480110193035914
"south",936,11.3170471574239,NA,0.0830077075962054
"south",937,NA,NA,0.0413208231325965
"south",938,10.6889357587276,NA,0.0521319447291283
"south",939,11.1216632094693,NA,0.0934746604234882
"south",940,36.8563965183608,NA,0.100930566624437
"south",941,NA,NA,0.0469664296902167
"south",942,10.0538074398224,38.7486333608645,0.0641604016176949
"south",943,35.9402899424056,37.6979972839681,0.066966844674597
"south",944,16.0265570960783,NA,0.0961657351832036
"south",945,10.4660836533057,NA,0.136013911871736
"south",946,8.34819825834202,NA,0.0730934229497871
"south",947,12.7760784833808,15.4227588009908,0.0385322851146664
"south",948,22.781512085467,38.8218339438231,0.0711033746418669
"south",949,NA,NA,0.0343427092556724
"south",950,12.9863108748157,NA,0.0702545508114096
"south",951,10.4191377160372,11.9771507256142,0.0483820006428762
"south",952,12.0519559054081,NA,0.107362935286554
"south",953,15.7035709399125,NA,0.0336759884268502
"south",954,11.2986340835819,12.2049835014801,0.0173235577347862
"south",955,11.9108294473875,NA,0.0513918597077561
"south",956,9.93942111920198,NA,0.0722509470921952
"south",957,37.1670126914011,NA,0.0742944142607907
"south",958,NA,NA,0.027455051035252
"south",959,12.1873287792235,37.2079938432184,0.134385376085978
"south",960,NA,NA,0.0414781662078456
"south",961,12.8151177269718,NA,0.0744409886997448
"south",962,38.7911989021175,NA,0.00958744939864773
"south",963,13.1993044328052,NA,0.0703555311451924
"south",964,10.5649702276503,10.6900932683122,0.00630850607606103
"south",965,8.14200119650502,10.1320719589267,0.0458146794771387
"south",966,13.6038475179623,NA,0.0536991957681618
"south",967,38.6098332920534,NA,0.0488693980709392
"south",968,38.8985643882913,NA,0.0773335079869708
"south",969,10.8046237554099,38.5544394862756,0.0932266359884324
"south",970,9.03278282753872,NA,0.110605836190679
"south",971,9.88994509710806,NA,0.0522482994767263
"south",972,30.6815018834004,NA,0.113605674507129
"south",973,10.6166400858416,12.3008630887956,0.0444154599005698
"south",974,38.5415237868881,NA,0.0380816051630322
"south",975,NA,NA,0.0880388703302719
"south",976,20.4372590616717,NA,0.0989081018402394
"south",977,32.3115137033832,NA,0.128138278454229
"south",978,NA,NA,0.0896386674176374
"south",979,38.8169159049857,NA,0.0697262067057727
"south",980,15.7732438083156,NA,0.104612875373187
"south",981,37.508854699036,NA,0.0570515023999217
"south",982,16.5264692214253,37.7170595605293,0.0352967797437038
"south",983,8.75890611223494,NA,0.104928834851959
"south",984,36.0940300955291,NA,0.0783299014996875
"south",985,12.2989281397844,NA,0.0300475106826833
"south",986,9.64995389396828,NA,0.0806755608867847
"south",987,6.97159859627355,NA,0.108377953457141
"south",988,6.80804249064757,NA,0.158502235176934
"south",989,NA,NA,0.0860244099105598
"south",990,10.2869922130231,NA,0.0857535270864437
"south",991,7.11631514228402,9.00554720724451,0.0176119313702658
"south",992,11.4995918365505,NA,0.1170664029945
"south",993,38.8246108565681,NA,0.0497145305146076
"south",994,37.0416992650584,38.9583601470514,0.0310253696562498
"south",995,15.5476392260511,NA,0.089765275184964
"south",996,34.4094313403054,NA,0.112989786135956
"south",997,10.4286088038841,37.5168448556463,0.113156280992603
"south",998,11.1755800588823,NA,0.0751770276490835
"south",999,9.4635676238205,NA,0.12736318691989
"south",1000,NA,NA,0.0478018630157301
