"cluster","draw","mean_km","has_zone","prop_on_edge"
"north",1,44.3963901935953,TRUE,0.3178391959799
"north",2,23.6063256907023,TRUE,0.178294573643411
"north",3,14.5243087687308,TRUE,0.294491525423729
"north",4,19.5880064879335,TRUE,0.299826689774697
"north",5,18.6050970257807,TRUE,0.355018587360595
"north",6,26.1324030846744,TRUE,0.245080500894454
"north",7,15.5803963588655,TRUE,0.126373626373626
"north",8,23.955903627632,TRUE,0.237516869095816
"north",9,53.1628736776627,TRUE,0.231962761830877
"north",10,14.8611582192872,TRUE,0.263888888888889
"north",11,42.2248953377226,TRUE,0.253541076487252
"north",12,50.3146758816185,TRUE,0.260932944606414
"north",13,24.2564884465147,TRUE,0.347670250896057
"north",14,19.5248744040181,TRUE,0.177820267686424
"north",15,42.2089756034849,TRUE,0.269028871391076
"north",16,19.2622187106771,TRUE,0.28006589785832
"north",17,10.0136820959283,TRUE,0.328125
"north",18,72.9807107980243,TRUE,0.252892561983471
"north",19,12.5669368617304,TRUE,0.241573033707865
"north",20,18.6723477062763,TRUE,0.253036437246964
"north",21,17.1344067205798,TRUE,0.300373134328358
"north",22,20.2225058681382,TRUE,0.343383584589615
"north",23,24.6409434806922,TRUE,0.207062600321027
"north",24,52.0231933997723,TRUE,0.307788944723618
"north",25,45.7656028610027,TRUE,0.291322314049587
"north",26,15.8371569834432,TRUE,0.316037735849057
"north",27,40.9559949134003,TRUE,0.329145728643216
"north",28,13.4971536446855,TRUE,0.27
"north",29,16.1437804395288,TRUE,0.239035087719298
"north",30,21.6774899362791,TRUE,0.321942446043165
"north",31,10.6432627083142,TRUE,0.351063829787234
"north",32,24.1188493444757,TRUE,0.167414050822123
"north",33,14.9334364556133,TRUE,0.229166666666667
"north",34,15.6535489758665,TRUE,0.225806451612903
"north",35,17.6473005941726,TRUE,0.165178571428571
"north",36,18.1927350845281,TRUE,0.249554367201426
"north",37,42.5216051943371,TRUE,0.298726738491675
"north",38,80.4610074523096,TRUE,0.267732962447844
"north",39,51.6222942631923,TRUE,0.219165085388994
"north",40,24.0580219441603,TRUE,0.217905405405405
"north",41,16.0383617676271,TRUE,0.368303571428571
"north",42,10.3412933167591,TRUE,0.279202279202279
"north",43,10.8954452275667,TRUE,0.285714285714286
"north",44,53.8272521898429,TRUE,0.244979919678715
"north",45,14.1238733883514,TRUE,0.25
"north",46,15.7651910754604,TRUE,0.347305389221557
"north",47,22.3502107489863,TRUE,0.414179104477612
"north",48,43.8666153073058,TRUE,0.347490347490348
"north",49,15.8898054704688,TRUE,0.288808664259928
"north",50,10.7964154085001,TRUE,0.316939890710383
"north",51,16.9141764691644,TRUE,0.251712328767123
"north",52,23.9249060667674,TRUE,0.138698630136986
"north",53,14.6513529386347,TRUE,0.290748898678414
"north",54,13.9706588123562,TRUE,0.213197969543147
"north",55,13.5235151626564,TRUE,0.161803713527851
"north",56,10.5816499922051,TRUE,0.278571428571429
"north",57,25.3885532562734,TRUE,0.222413793103448
"north",58,12.4156186240449,TRUE,0.363905325443787
"north",59,25.6893816668948,TRUE,0.262903225806452
"north",60,28.281363911204,TRUE,0.261061946902655
"north",61,49.0448319067618,TRUE,0.23443579766537
"north",62,24.0573321490398,TRUE,0.18140243902439
"north",63,12.9465889214368,TRUE,0.186893203883495
"north",64,18.1880099874947,TRUE,0.388127853881279
"north",65,16.8462998341381,TRUE,0.193609022556391
"north",66,18.0323996244383,TRUE,0.265886287625418
"north",67,12.9020388125718,TRUE,0.248648648648649
"north",68,21.5103263895206,TRUE,0.206537890044577
"north",69,55.211691591779,TRUE,0.284237726098191
"north",70,17.6659440305685,TRUE,0.238721804511278
"north",71,71.6041385008153,TRUE,0.23612823674476
"north",72,28.7994997785154,TRUE,0.282115869017632
"north",73,48.2776740425586,TRUE,0.233226837060703
"north",74,9.72078825966598,TRUE,0.347402597402597
"north",75,12.4185430790762,TRUE,0.270935960591133
"north",76,20.0893188163476,TRUE,0.266409266409266
"north",77,12.7846944590508,TRUE,0.27807486631016
"north",78,10.9861501755076,TRUE,0.271523178807947
"north",79,50.3930451202599,TRUE,0.237980769230769
"north",80,18.3255109486801,TRUE,0.27787610619469
"north",81,51.5395013922566,TRUE,0.332620320855615
"north",82,15.5597186220688,TRUE,0.23125
"north",83,79.5351994122391,TRUE,0.204954954954955
"north",84,22.8746681384806,TRUE,0.18733153638814
"north",85,14.9921634208139,TRUE,0.239247311827957
"north",86,34.0411683194471,TRUE,0.327941176470588
"north",87,17.2586910373717,TRUE,0.268240343347639
"north",88,51.3709564669524,TRUE,0.331325301204819
"north",89,23.2733730263743,TRUE,0.35048231511254
"north",90,13.4543937364413,TRUE,0.220623501199041
"north",91,45.8959986732992,TRUE,0.262969588550984
"north",92,18.3647856669821,TRUE,0.278368794326241
"north",93,14.278262438809,TRUE,0.210290827740492
"north",94,12.8143414753237,TRUE,0.24203821656051
"north",95,12.399426682082,TRUE,0.307471264367816
"north",96,80.2307121013316,TRUE,0.259216589861751
"north",97,21.558150905996,TRUE,0.275862068965517
"north",98,47.7352899900018,TRUE,0.280392156862745
"north",99,14.0706464150834,TRUE,0.242924528301887
"north",100,11.1594801517546,TRUE,0.266272189349112
"north",101,35.0446447980805,TRUE,0.240147783251232
"north",102,13.5792530103983,TRUE,0.181159420289855
"north",103,17.7051708747953,TRUE,0.204347826086957
"north",104,11.4062442758651,TRUE,0.207386363636364
"north",105,23.7368010414874,TRUE,0.312913907284768
"north",106,23.1771482457992,TRUE,0.167235494880546
"north",107,25.5227570509803,TRUE,0.245205479452055
"north",108,22.2060777480163,TRUE,0.25390625
"north",109,14.5769702066254,TRUE,0.341145833333333
"north",110,18.4556288992105,TRUE,0.306910569105691
"north",111,54.697748952138,TRUE,0.340887629839471
"north",112,49.580758414682,TRUE,0.326160815402039
"north",113,12.935132352632,TRUE,0.369318181818182
"north",114,48.125623452709,TRUE,0.25
"north",115,16.418233567949,TRUE,0.178137651821862
"north",116,19.1189152354313,TRUE,0.326164874551971
"north",117,17.8217370650389,TRUE,0.342696629213483
"north",118,45.7576682515809,TRUE,0.271551724137931
"north",119,15.3199977417374,TRUE,0.239819004524887
"north",120,11.3731808239065,TRUE,0.288557213930348
"north",121,21.7528155045453,TRUE,0.34181240063593
"north",122,16.1646516371906,TRUE,0.246575342465753
"north",123,72.4722961496107,TRUE,0.234214786832164
"north",124,45.6959918712712,TRUE,0.373522458628842
"north",125,12.6794995425091,TRUE,0.254437869822485
"north",126,17.3504213645388,TRUE,0.342528735632184
"north",127,15.6069871321029,TRUE,0.278645833333333
"north",128,24.690743340899,TRUE,0.190283400809717
"north",129,13.140434092905,TRUE,0.237704918032787
"north",130,24.9673057888532,TRUE,0.204161248374512
"north",131,13.4217012626239,TRUE,0.26980198019802
"north",132,14.5560003375359,TRUE,0.193548387096774
"north",133,19.8877013674822,TRUE,0.190388170055453
"north",134,20.7306613887221,TRUE,0.268817204301075
"north",135,10.8852847948202,TRUE,0.232804232804233
"north",136,16.5596493234211,TRUE,0.426470588235294
"north",137,16.6595345946963,TRUE,0.326839826839827
"north",138,21.0118065810169,TRUE,0.22824302134647
"north",139,10.2160572358044,TRUE,0.282208588957055
"north",140,15.2285885274737,TRUE,0.261421319796954
"north",141,76.4910718976231,TRUE,0.255458515283843
"north",142,14.5623263390165,TRUE,0.254545454545455
"north",143,21.9773679342922,TRUE,0.214626391096979
"north",144,76.3451017411115,TRUE,0.304781923279033
"north",145,14.5527457663019,TRUE,0.233480176211454
"north",146,23.6413767894907,TRUE,0.23208722741433
"north",147,14.8401102245516,TRUE,0.261467889908257
"north",148,47.2616740166932,TRUE,0.230414746543779
"north",149,42.9574246572415,TRUE,0.304147465437788
"north",150,18.3797592430045,TRUE,0.389662027833002
"north",151,33.9919805511868,TRUE,0.227882037533512
"north",152,32.5010620295093,TRUE,0.328125
"north",153,17.2173396010246,TRUE,0.236238532110092
"north",154,16.8967843421744,TRUE,0.356275303643725
"north",155,11.6657389839,TRUE,0.332417582417582
"north",156,48.1622740538786,TRUE,0.317155756207675
"north",157,14.9138079807249,TRUE,0.202380952380952
"north",158,15.9777674867851,TRUE,0.266009852216749
"north",159,20.5743627530702,TRUE,0.225190839694656
"north",160,17.3190046905373,TRUE,0.221774193548387
"north",161,18.3472519452172,TRUE,0.328260869565217
"north",162,9.65128410922334,TRUE,0.321678321678322
"north",163,78.2520086566482,TRUE,0.241109530583215
"north",164,10.9439678060931,TRUE,0.17948717948718
"north",165,18.3680818464391,TRUE,0.301927194860814
"north",166,11.6537663214931,TRUE,0.277142857142857
"north",167,16.9525897362705,TRUE,0.293333333333333
"north",168,30.8154389433612,TRUE,0.337129840546697
"north",169,11.9448717393954,TRUE,0.23224043715847
"north",170,52.7334390708268,TRUE,0.272473867595819
"north",171,18.6928103906879,TRUE,0.342574257425743
"north",172,16.2779674571047,TRUE,0.207792207792208
"north",173,20.3771749539945,TRUE,0.173507462686567
"north",174,49.8295380917899,TRUE,0.34564958283671
"north",175,23.5631946058119,TRUE,0.251953125
"north",176,12.4002125206431,TRUE,0.286821705426357
"north",177,54.2396970292312,TRUE,0.293723849372385
"north",178,15.4835588634385,TRUE,0.301020408163265
"north",179,13.2416954385399,TRUE,0.235751295336788
"north",180,17.2466821015261,TRUE,0.323471400394477
"north",181,30.1525777074576,TRUE,0.271621621621622
"north",182,19.0626095981186,TRUE,0.292553191489362
"north",183,12.525203532738,TRUE,0.203703703703704
"north",184,16.1893200346681,TRUE,0.209677419354839
"north",185,15.9283519863357,TRUE,0.280193236714976
"north",186,19.2728234313245,TRUE,0.174897119341564
"north",187,42.0358626689312,TRUE,0.353944562899787
"north",188,19.338666900908,TRUE,0.279503105590062
"north",189,24.3170946929542,TRUE,0.241221374045802
"north",190,15.3702806202656,TRUE,0.194871794871795
"north",191,13.0278865559321,TRUE,0.191666666666667
"north",192,50.3153684774835,TRUE,0.213270142180095
"north",193,15.4188401752452,TRUE,0.383663366336634
"north",194,13.431328508343,TRUE,0.196891191709845
"north",195,45.6831537391568,TRUE,0.277067348678602
"north",196,13.7871931465201,TRUE,0.284263959390863
"north",197,13.3960163795409,TRUE,0.248704663212435
"north",198,13.1512537520026,TRUE,0.237536656891496
"north",199,46.2386058207111,TRUE,0.18944099378882
"north",200,20.6897808055569,TRUE,0.231164383561644
"north",201,16.0778403938527,TRUE,0.182377049180328
"north",202,29.2715047124078,TRUE,0.275324675324675
"north",203,19.6993588546389,TRUE,0.259191176470588
"north",204,79.0438672233355,TRUE,0.266111111111111
"north",205,55.4411682031572,TRUE,0.24156862745098
"north",206,19.5307589738681,TRUE,0.294938917975567
"north",207,29.3407020265582,TRUE,0.329394387001477
"north",208,17.0936933856367,TRUE,0.20926517571885
"north",209,18.7148428635417,TRUE,0.230642504118616
"north",210,26.2046872431185,TRUE,0.167130919220056
"north",211,16.5653135560795,TRUE,0.210970464135021
"north",212,76.7172280433118,TRUE,0.32231884057971
"north",213,15.5568764804112,TRUE,0.286610878661088
"north",214,14.9950525012245,TRUE,0.325581395348837
"north",215,13.0329818871697,TRUE,0.211401425178147
"north",216,12.5002666138538,TRUE,0.226519337016575
"north",217,13.6490055733692,TRUE,0.244623655913978
"north",218,17.9610288991002,TRUE,0.224532224532225
"north",219,15.0344762804545,TRUE,0.330687830687831
"north",220,19.6050097911803,TRUE,0.20265780730897
"north",221,13.0452532337216,TRUE,0.292134831460674
"north",222,17.538552163012,TRUE,0.203180212014134
"north",223,14.8823131948632,TRUE,0.137931034482759
"north",224,14.5157041428214,TRUE,0.305687203791469
"north",225,27.6456748621807,TRUE,0.323119777158774
"north",226,12.4536814613901,TRUE,0.319148936170213
"north",227,15.2229292048332,TRUE,0.182051282051282
"north",228,17.9590174809081,TRUE,0.18287037037037
"north",229,14.5677047792416,TRUE,0.310043668122271
"north",230,12.6869596764314,TRUE,0.195067264573991
"north",231,13.1067260146291,TRUE,0.2
"north",232,17.8058722137,TRUE,0.266519823788546
"north",233,43.097620016872,TRUE,0.285405405405405
"north",234,14.362545463082,TRUE,0.373096446700508
"north",235,14.8621184190199,TRUE,0.298543689320388
"north",236,17.494501906478,TRUE,0.409638554216867
"north",237,18.0273888018636,TRUE,0.15863453815261
"north",238,17.8194713903612,TRUE,0.387931034482759
"north",239,13.0103443898322,TRUE,0.22972972972973
"north",240,67.1454436808033,TRUE,0.293566520924422
"north",241,18.3566163043723,TRUE,0.24645390070922
"north",242,12.4949413460256,TRUE,0.214705882352941
"north",243,12.3218471907779,TRUE,0.233918128654971
"north",244,48.4418428441561,TRUE,0.299681190223167
"north",245,25.5547097054544,TRUE,0.234265734265734
"north",246,12.2839700996087,TRUE,0.292134831460674
"north",247,15.4790413154266,TRUE,0.346733668341709
"north",248,21.217541782737,TRUE,0.391129032258065
"north",249,14.7128017439741,TRUE,0.36
"north",250,15.8464483123143,TRUE,0.217105263157895
"north",251,14.8280820956895,TRUE,0.264550264550265
"north",252,17.2038517740286,TRUE,0.258130081300813
"north",253,44.7518631669769,TRUE,0.274749721913237
"north",254,51.7540607564175,TRUE,0.402366863905325
"north",255,21.0793976933025,TRUE,0.204968944099379
"north",256,13.8515693398349,TRUE,0.328205128205128
"north",257,11.4373500182746,TRUE,0.360119047619048
"north",258,21.2536624440939,TRUE,0.297397769516729
"north",259,13.0068706405224,TRUE,0.286549707602339
"north",260,14.8553100008296,TRUE,0.333955223880597
"north",261,53.1152328131225,TRUE,0.283960092095165
"north",262,11.5894936872778,TRUE,0.246794871794872
"north",263,70.1819451869327,TRUE,0.256488549618321
"north",264,13.7377013280929,TRUE,0.2825
"north",265,14.9675074522077,TRUE,0.295711060948081
"north",266,46.1957487057381,TRUE,0.306703397612489
"north",267,20.0513161533401,TRUE,0.215789473684211
"north",268,13.6035485645804,TRUE,0.297435897435897
"north",269,25.3740131012113,TRUE,0.294207317073171
"north",270,21.3271847376561,TRUE,0.27317880794702
"north",271,11.2948940589935,TRUE,0.317307692307692
"north",272,10.3209239619203,TRUE,0.217391304347826
"north",273,21.0026245441071,TRUE,0.263406940063092
"north",274,18.7321056615093,TRUE,0.204615384615385
"north",275,73.6281455947626,TRUE,0.33435960591133
"north",276,10.7114551077642,TRUE,0.238095238095238
"north",277,21.1755141621607,TRUE,0.263502454991817
"north",278,16.5018763915088,TRUE,0.224137931034483
"north",279,13.7178869174303,TRUE,0.157635467980296
"north",280,22.5161907806079,TRUE,0.366666666666667
"north",281,20.7116425709927,TRUE,0.257769652650823
"north",282,12.7297357381111,TRUE,0.305851063829787
"north",283,26.3800893094973,TRUE,0.22052067381317
"north",284,48.7137740655467,TRUE,0.311195445920304
"north",285,47.0942806385779,TRUE,0.315468940316687
"north",286,20.7370399965311,TRUE,0.192883895131086
"north",287,13.4613121464842,TRUE,0.156435643564356
"north",288,40.9893754680581,TRUE,0.418491484184915
"north",289,19.2119362048519,TRUE,0.241176470588235
"north",290,23.9911398054968,TRUE,0.183168316831683
"north",291,30.1945835166737,TRUE,0.311062431544359
"north",292,13.149212259338,TRUE,0.177339901477833
"north",293,10.6970657719145,TRUE,0.283687943262411
"north",294,49.7084034957713,TRUE,0.25711481844946
"north",295,18.0391681844363,TRUE,0.363247863247863
"north",296,70.8965527043719,TRUE,0.314747264200104
"north",297,19.0079530142283,TRUE,0.310160427807487
"north",298,11.7544774793222,TRUE,0.265151515151515
"north",299,63.9224832263112,TRUE,0.280185758513932
"north",300,16.7339766549598,TRUE,0.270742358078603
"north",301,28.9499814757617,TRUE,0.16235632183908
"north",302,17.4778881786136,TRUE,0.302752293577982
"north",303,13.8677251145193,TRUE,0.204433497536946
"north",304,55.1125972337892,TRUE,0.236763236763237
"north",305,18.4764955023811,TRUE,0.206484641638225
"north",306,18.7839060731765,TRUE,0.245934959349594
"north",307,17.24667461358,TRUE,0.307511737089202
"north",308,37.6473279347207,TRUE,0.127777777777778
"north",309,15.0059395433707,TRUE,0.163814180929095
"north",310,11.2746334283545,TRUE,0.148648648648649
"north",311,47.828856701638,TRUE,0.28080229226361
"north",312,13.5298711701028,TRUE,0.214285714285714
"north",313,21.9125412228232,TRUE,0.363768115942029
"north",314,44.8426079506893,TRUE,0.333333333333333
"north",315,18.6375593846527,TRUE,0.306159420289855
"north",316,44.9158680887725,TRUE,0.265284974093264
"north",317,19.9966970238794,TRUE,0.293624161073825
"north",318,19.9934117119914,TRUE,0.334600760456274
"north",319,10.9683205355911,TRUE,0.271523178807947
"north",320,13.3154028995516,TRUE,0.208791208791209
"north",321,20.4397876460368,TRUE,0.283858998144712
"north",322,24.9039791379232,TRUE,0.261345852895149
"north",323,18.2548793668247,TRUE,0.211934156378601
"north",324,17.4662518512111,TRUE,0.18552036199095
"north",325,18.7914113871809,TRUE,0.255985267034991
"north",326,19.596349750811,TRUE,0.289855072463768
"north",327,29.0286909690283,TRUE,0.19693094629156
"north",328,11.665025643808,TRUE,0.251928020565553
"north",329,19.2915095177085,TRUE,0.220264317180617
"north",330,16.3398134985857,TRUE,0.35678391959799
"north",331,30.5289638507059,TRUE,0.265734265734266
"north",332,9.42366868699355,TRUE,0.305555555555556
"north",333,15.559422005378,TRUE,0.249466950959488
"north",334,13.5102353027299,TRUE,0.215025906735751
"north",335,19.065540367503,TRUE,0.347058823529412
"north",336,52.5555868728157,TRUE,0.257723577235772
"north",337,15.0373187220894,TRUE,0.314814814814815
"north",338,20.3998795111625,TRUE,0.190036900369004
"north",339,19.0362537324078,TRUE,0.340292275574113
"north",340,12.9719792040928,TRUE,0.32741116751269
"north",341,19.3774952608275,TRUE,0.236170212765957
"north",342,18.3767472510132,TRUE,0.199604743083004
"north",343,13.4533460051682,TRUE,0.306233062330623
"north",344,43.4658186005005,TRUE,0.269144144144144
"north",345,17.9665194725287,TRUE,0.196864111498258
"north",346,48.6503102249541,TRUE,0.304866850321396
"north",347,27.102630839934,TRUE,0.184873949579832
"north",348,17.7969871703659,TRUE,0.358921161825726
"north",349,11.6736456671753,TRUE,0.310606060606061
"north",350,11.7997649316338,TRUE,0.3
"north",351,12.3173650618572,TRUE,0.140540540540541
"north",352,15.4135386996871,TRUE,0.287878787878788
"north",353,16.2829751656288,TRUE,0.269372693726937
"north",354,25.1715061575696,TRUE,0.246598639455782
"north",355,11.9856672848599,TRUE,0.145118733509235
"north",356,22.178434285686,TRUE,0.360915492957746
"north",357,15.7798400901743,TRUE,0.206008583690987
"north",358,18.9553417452504,TRUE,0.245283018867925
"north",359,15.8394394618826,TRUE,0.295258620689655
"north",360,49.0061692964948,TRUE,0.311175337186898
"north",361,44.7265009213207,TRUE,0.291586998087954
"north",362,11.8182135448069,TRUE,0.276381909547739
"north",363,18.2401823765803,TRUE,0.357723577235772
"north",364,11.503976095202,TRUE,0.270700636942675
"north",365,15.6809513738618,TRUE,0.3275
"north",366,18.1113931281207,TRUE,0.213675213675214
"north",367,17.2460233904256,TRUE,0.250980392156863
"north",368,11.054482183325,TRUE,0.235294117647059
"north",369,18.2613815550291,TRUE,0.283849918433931
"north",370,14.0912910261831,TRUE,0.362162162162162
"north",371,47.2272421715668,TRUE,0.399560922063666
"north",372,12.0128485470972,TRUE,0.227810650887574
"north",373,28.4398084484243,TRUE,0.23249299719888
"north",374,48.6581438353588,TRUE,0.363636363636364
"north",375,14.0405056125883,TRUE,0.23444976076555
"north",376,47.8716513892142,TRUE,0.356115107913669
"north",377,22.6219754258326,TRUE,0.361990950226244
"north",378,15.5977517080427,TRUE,0.283203125
"north",379,11.7465902818558,TRUE,0.260479041916168
"north",380,12.4201956051986,TRUE,0.238219895287958
"north",381,29.3342460892522,TRUE,0.192355117139334
"north",382,13.3165716286942,TRUE,0.246268656716418
"north",383,17.1421504231704,TRUE,0.382629107981221
"north",384,17.0531680512709,TRUE,0.392543859649123
"north",385,22.5787047099052,TRUE,0.183673469387755
"north",386,19.8568017418584,TRUE,0.260655737704918
"north",387,14.8920848371554,TRUE,0.201680672268908
"north",388,29.3232834741501,TRUE,0.288741721854305
"north",389,13.2124075681036,TRUE,0.31043956043956
"north",390,76.8901043689586,TRUE,0.280538302277433
"north",391,14.5059758688337,TRUE,0.233990147783251
"north",392,10.1957582640095,TRUE,0.203030303030303
"north",393,58.0359002425991,TRUE,0.257294429708223
"north",394,14.6517198591175,TRUE,0.319755600814664
"north",395,15.8628792366361,TRUE,0.351543942992874
"north",396,11.7365860551366,TRUE,0.233668341708543
"north",397,20.184663632902,TRUE,0.240671641791045
"north",398,13.0364839862813,TRUE,0.210059171597633
"north",399,14.8499198603689,TRUE,0.205298013245033
"north",400,28.9402976453898,TRUE,0.265984654731458
"north",401,13.4145733383338,TRUE,0.282560706401766
"north",402,12.5174457933095,TRUE,0.28125
"north",403,14.3405760507171,TRUE,0.244943820224719
"north",404,22.2984340708636,TRUE,0.252351097178683
"north",405,21.8160878806257,TRUE,0.240924092409241
"north",406,26.2808204050847,TRUE,0.170868347338936
"north",407,31.6123480903093,TRUE,0.176308539944904
"north",408,24.5819859637641,TRUE,0.306233062330623
"north",409,40.4048757658576,TRUE,0.344280860702152
"north",410,15.9060498818723,TRUE,0.334615384615385
"north",411,10.1387771649979,TRUE,0.290419161676647
"north",412,12.4944882318136,TRUE,0.288359788359788
"north",413,34.1899992297959,TRUE,0.327889447236181
"north",414,15.8554895246262,TRUE,0.233791748526523
"north",415,12.9441510862354,TRUE,0.360230547550432
"north",416,17.7828208222491,TRUE,0.18141592920354
"north",417,34.4049027184906,TRUE,0.183962264150943
"north",418,22.7732558435288,TRUE,0.2203125
"north",419,22.1830507027976,TRUE,0.274539877300614
"north",420,40.622472484081,TRUE,0.252604166666667
"north",421,46.3917987680411,TRUE,0.233676975945017
"north",422,11.2291212581088,TRUE,0.298701298701299
"north",423,75.1615117495267,TRUE,0.230290456431535
"north",424,14.3346517403032,TRUE,0.264299802761341
"north",425,13.9766611517568,TRUE,0.243589743589744
"north",426,46.1270990518509,TRUE,0.276595744680851
"north",427,20.4078692035008,TRUE,0.274873524451939
"north",428,44.2507607183447,TRUE,0.245544554455446
"north",429,49.2322496972649,TRUE,0.198559670781893
"north",430,15.8764142843757,TRUE,0.18695652173913
"north",431,17.1787361209015,TRUE,0.33184855233853
"north",432,14.0724545817397,TRUE,0.347607052896725
"north",433,23.8273335193987,TRUE,0.228260869565217
"north",434,14.5181604285779,TRUE,0.232876712328767
"north",435,35.9179933120353,TRUE,0.114365411436541
"north",436,17.2327007832329,TRUE,0.225868725868726
"north",437,50.6181947408061,TRUE,0.308290155440414
"north",438,16.7742250123623,TRUE,0.344660194174757
"north",439,13.5982892768957,TRUE,0.193181818181818
"north",440,19.7829994305386,TRUE,0.318181818181818
"north",441,16.7012133859867,TRUE,0.282926829268293
"north",442,18.9915476934961,TRUE,0.360887096774194
"north",443,82.8684225435372,TRUE,0.225
"north",444,21.7376882784742,TRUE,0.20404984423676
"north",445,17.3848440903678,TRUE,0.291497975708502
"north",446,21.5473004248089,TRUE,0.297674418604651
"north",447,14.8891725321664,TRUE,0.318087318087318
"north",448,15.1381473752187,TRUE,0.297297297297297
"north",449,17.9080467016757,TRUE,0.225877192982456
"north",450,18.2308660940578,TRUE,0.255932203389831
"north",451,15.3486319736998,TRUE,0.237745098039216
"north",452,57.844851756554,TRUE,0.341959334565619
"north",453,11.5250872778632,TRUE,0.283422459893048
"north",454,19.0382308606357,TRUE,0.174137931034483
"north",455,21.3442945835634,TRUE,0.22262118491921
"north",456,17.1123414422107,TRUE,0.327935222672065
"north",457,16.9618925425376,TRUE,0.370517928286853
"north",458,50.2162587797176,TRUE,0.287526427061311
"north",459,44.2687328855467,TRUE,0.285714285714286
"north",460,12.8035927982134,TRUE,0.246606334841629
"north",461,16.2604479790388,TRUE,0.299043062200957
"north",462,12.2361676077221,TRUE,0.316091954022989
"north",463,22.5489882386777,TRUE,0.247208931419458
"north",464,23.7891968740052,TRUE,0.391459074733096
"north",465,16.1208764230175,TRUE,0.273563218390805
"north",466,9.91801321733926,TRUE,0.315286624203822
"north",467,19.0037651284036,TRUE,0.33130081300813
"north",468,18.1281309344884,TRUE,0.171806167400881
"north",469,16.3868516955254,TRUE,0.300411522633745
"north",470,16.9619461129651,TRUE,0.333333333333333
"north",471,23.7806901518894,TRUE,0.171390013495277
"north",472,17.3171610755455,TRUE,0.172131147540984
"north",473,48.8285831055919,TRUE,0.33010752688172
"north",474,10.954212629181,TRUE,0.305882352941176
"north",475,15.4229849951523,TRUE,0.289099526066351
"north",476,16.2202564405994,TRUE,0.236051502145923
"north",477,14.0985198405213,TRUE,0.237864077669903
"north",478,28.2801350672201,TRUE,0.292834890965732
"north",479,14.2549782815438,TRUE,0.269911504424779
"north",480,80.9613735744307,TRUE,0.268250289687138
"north",481,17.6918090581579,TRUE,0.321266968325792
"north",482,19.3122762794543,TRUE,0.185589519650655
"north",483,18.9967886465747,TRUE,0.17741935483871
"north",484,19.9307717521532,TRUE,0.219262295081967
"north",485,24.2007280632313,TRUE,0.335185185185185
"north",486,19.6369286735458,TRUE,0.325471698113208
"north",487,14.432278248699,TRUE,0.318877551020408
"north",488,17.8262368816209,TRUE,0.299618320610687
"north",489,16.7256562257834,TRUE,0.242798353909465
"north",490,73.9639782028701,TRUE,0.247002398081535
"north",491,17.8141692532717,TRUE,0.272340425531915
"north",492,17.0535010234758,TRUE,0.317991631799163
"north",493,44.7502081175825,TRUE,0.232900432900433
"north",494,12.7576230919858,TRUE,0.338383838383838
"north",495,17.5664950232218,TRUE,0.299180327868852
"north",496,17.8639129202383,TRUE,0.255700325732899
"north",497,17.5439872892904,TRUE,0.275862068965517
"north",498,17.2281271278646,TRUE,0.274633123689727
"north",499,12.9370470036951,TRUE,0.303827751196172
"north",500,44.3848150723466,TRUE,0.224770642201835
"north",501,16.1536205900258,TRUE,0.353403141361257
"north",502,19.3323155339117,TRUE,0.305555555555556
"north",503,49.8937394028887,TRUE,0.296781883194279
"north",504,24.8607318325638,TRUE,0.270547945205479
"north",505,47.3467338967862,TRUE,0.215291750503018
"north",506,17.3876443516774,TRUE,0.30377358490566
"north",507,48.7187553098571,TRUE,0.339233038348083
"north",508,12.7749858054402,TRUE,0.233870967741935
"north",509,12.3480519401526,TRUE,0.230337078651685
"north",510,77.0974019257642,TRUE,0.26205694363742
"north",511,18.1012886012487,TRUE,0.291245791245791
"north",512,12.9669694814119,TRUE,0.233333333333333
"north",513,19.7110278148641,TRUE,0.201492537313433
"north",514,9.86033182761156,TRUE,0.286624203821656
"north",515,21.3150878509147,TRUE,0.260726072607261
"north",516,11.7783476495144,TRUE,0.300970873786408
"north",517,41.4195074528045,TRUE,0.309714285714286
"north",518,15.3142344870206,TRUE,0.31578947368421
"north",519,14.0810563395813,TRUE,0.229580573951435
"north",520,77.5913860073006,TRUE,0.327347357619292
"north",521,14.3380204696221,TRUE,0.262008733624454
"north",522,19.5127139608398,TRUE,0.225296442687747
"north",523,17.3649235100582,TRUE,0.361003861003861
"north",524,13.3443102642787,TRUE,0.206896551724138
"north",525,65.1910633594687,TRUE,0.255079006772009
"north",526,16.5132966869682,TRUE,0.334801762114537
"north",527,53.1272016891569,TRUE,0.325852782764811
"north",528,13.9299254940426,TRUE,0.22189349112426
"north",529,13.0367788595041,TRUE,0.32010582010582
"north",530,10.9155196871568,TRUE,0.321428571428571
"north",531,76.4629911176376,TRUE,0.336320191158901
"north",532,57.6916744394728,TRUE,0.272
"north",533,16.9681772766065,TRUE,0.333976833976834
"north",534,72.2000877688195,TRUE,0.2903981264637
"north",535,26.6416760712665,TRUE,0.231164383561644
"north",536,24.7251136166597,TRUE,0.326612903225806
"north",537,18.3524798288475,TRUE,0.209205020920502
"north",538,49.8368285781366,TRUE,0.267947421638018
"north",539,48.044115205471,TRUE,0.1687552213868
"north",540,24.4262052546747,TRUE,0.190909090909091
"north",541,16.6280956758491,TRUE,0.294605809128631
"north",542,15.0977228657794,TRUE,0.258706467661692
"north",543,14.7288636297933,TRUE,0.26044226044226
"north",544,73.1481209652364,TRUE,0.327680193821926
"north",545,21.135536462678,TRUE,0.36331569664903
"north",546,16.3812276374305,TRUE,0.141906873614191
"north",547,17.8046014441485,TRUE,0.323809523809524
"north",548,46.8043061283806,TRUE,0.260586319218241
"north",549,15.1453872876735,TRUE,0.232793522267206
"north",550,13.9925286769738,TRUE,0.216101694915254
"north",551,50.2532282661852,TRUE,0.277637130801688
"north",552,24.8543626332709,TRUE,0.192982456140351
"north",553,11.9151667609214,TRUE,0.333333333333333
"north",554,12.492070285513,TRUE,0.344647519582245
"north",555,15.2581894710267,TRUE,0.282511210762332
"north",556,13.4545275149663,TRUE,0.258426966292135
"north",557,13.3915854402755,TRUE,0.226063829787234
"north",558,31.0498989969458,TRUE,0.216056670602125
"north",559,15.9719572671341,TRUE,0.200854700854701
"north",560,18.2492150153782,TRUE,0.164502164502165
"north",561,22.334658589804,TRUE,0.224025974025974
"north",562,73.8392368899756,TRUE,0.281743050338092
"north",563,12.457737896923,TRUE,0.281420765027322
"north",564,38.1464184044026,TRUE,0.371077762619372
"north",565,26.7847658012602,TRUE,0.259615384615385
"north",566,18.8819979320436,TRUE,0.336092715231788
"north",567,16.4564784705433,TRUE,0.302575107296137
"north",568,15.9287603516828,TRUE,0.270428015564202
"north",569,20.5650077258632,TRUE,0.256410256410256
"north",570,19.4986986490271,TRUE,0.277777777777778
"north",571,13.1760959245714,TRUE,0.290865384615385
"north",572,14.7464120189242,TRUE,0.325635103926097
"north",573,16.1490759314337,TRUE,0.206161137440758
"north",574,34.2633935992565,TRUE,0.279699248120301
"north",575,15.9133599477772,TRUE,0.340594059405941
"north",576,72.8082471675243,TRUE,0.285012285012285
"north",577,15.5330080052383,TRUE,0.163366336633663
"north",578,16.1389326340608,TRUE,0.297727272727273
"north",579,14.6932887014763,TRUE,0.26530612244898
"north",580,19.2285750800025,TRUE,0.227642276422764
"north",581,24.4921470839103,TRUE,0.213802435723951
"north",582,13.5906294074505,TRUE,0.172131147540984
"north",583,12.7982452968438,TRUE,0.304733727810651
"north",584,47.9920770750364,TRUE,0.25615763546798
"north",585,15.1081765279612,TRUE,0.196891191709845
"north",586,19.0650019522216,TRUE,0.317275747508306
"north",587,48.326205717646,TRUE,0.325437693099897
"north",588,21.7250333253862,TRUE,0.295180722891566
"north",589,16.6517666023329,TRUE,0.293023255813953
"north",590,17.1947181581444,TRUE,0.183884297520661
"north",591,16.1021375405137,TRUE,0.335078534031414
"north",592,11.1720689793814,TRUE,0.314285714285714
"north",593,20.4140546091267,TRUE,0.192913385826772
"north",594,10.0749476020991,TRUE,0.279874213836478
"north",595,30.9218952217968,TRUE,0.279411764705882
"north",596,49.0991503856456,TRUE,0.200720072007201
"north",597,11.9964745380524,TRUE,0.25
"north",598,13.1811125228849,TRUE,0.190184049079755
"north",599,17.8652529229855,TRUE,0.29014598540146
"north",600,17.2706759807952,TRUE,0.252941176470588
"north",601,44.677344345934,TRUE,0.285393258426966
"north",602,16.5480404208892,TRUE,0.166355140186916
"north",603,45.1934998742497,TRUE,0.337160751565762
"north",604,14.9026381243619,TRUE,0.316489361702128
"north",605,18.0710632199247,TRUE,0.282868525896414
"north",606,17.7599515462511,TRUE,0.32648401826484
"north",607,12.8702028468144,TRUE,0.25
"north",608,13.0255361430122,TRUE,0.283068783068783
"north",609,30.0311254264663,TRUE,0.260471204188482
"north",610,22.4120977685125,TRUE,0.356707317073171
"north",611,11.5100930313136,TRUE,0.264705882352941
"north",612,17.5020343182601,TRUE,0.270089285714286
"north",613,12.607505537131,TRUE,0.255494505494505
"north",614,18.7473240561044,TRUE,0.37125748502994
"north",615,20.9764441905268,TRUE,0.220257234726688
"north",616,17.0598300787265,TRUE,0.221491228070175
"north",617,52.4142281701294,TRUE,0.231188658669575
"north",618,72.507639848356,TRUE,0.26929012345679
"north",619,12.1624819064003,TRUE,0.197222222222222
"north",620,19.5981165385927,TRUE,0.301785714285714
"north",621,39.5480849776216,TRUE,0.182900432900433
"north",622,54.3146235871602,TRUE,0.241450777202073
"north",623,22.2825474441246,TRUE,0.229007633587786
"north",624,68.2538190210267,TRUE,0.148507980569049
"north",625,11.8436772583679,TRUE,0.258333333333333
"north",626,30.0701461972714,TRUE,0.245501285347044
"north",627,17.9818517211137,TRUE,0.2890625
"north",628,13.2436330680697,TRUE,0.335106382978723
"north",629,18.853223306121,TRUE,0.236641221374046
"north",630,15.8951605471391,TRUE,0.314814814814815
"north",631,17.395963991554,TRUE,0.201465201465201
"north",632,16.5196555658606,TRUE,0.315298507462687
"north",633,16.7458970220601,TRUE,0.215277777777778
"north",634,16.7312291182903,TRUE,0.382608695652174
"north",635,17.54659308778,TRUE,0.246031746031746
"north",636,27.1260621011861,TRUE,0.194148936170213
"north",637,12.1858962132325,TRUE,0.230232558139535
"north",638,15.4489321824539,TRUE,0.240740740740741
"north",639,12.7046163036079,TRUE,0.260606060606061
"north",640,14.8203547999352,TRUE,0.248756218905473
"north",641,11.6432227960504,TRUE,0.199386503067485
"north",642,20.9258325691602,TRUE,0.324149108589951
"north",643,44.5766152777655,TRUE,0.260344827586207
"north",644,13.773856651235,TRUE,0.267241379310345
"north",645,19.3926094119486,TRUE,0.163306451612903
"north",646,18.350587942131,TRUE,0.380863039399625
"north",647,15.3709828894874,TRUE,0.182242990654206
"north",648,24.9715812807548,TRUE,0.286743515850144
"north",649,17.0184782320673,TRUE,0.279166666666667
"north",650,74.247574701206,TRUE,0.274703557312253
"north",651,14.1986029770143,TRUE,0.157360406091371
"north",652,20.5860581778095,TRUE,0.317512274959083
"north",653,16.2253815611352,TRUE,0.216450216450216
"north",654,22.587063217788,TRUE,0.237577639751553
"north",655,11.8906078386446,TRUE,0.201704545454545
"north",656,12.3294513849299,TRUE,0.292613636363636
"north",657,15.930617135265,TRUE,0.247379454926625
"north",658,52.5197754270828,TRUE,0.26605504587156
"north",659,50.6393320279316,TRUE,0.282300884955752
"north",660,24.2853829969213,TRUE,0.219709208400646
"north",661,12.8425259736681,TRUE,0.217277486910995
"north",662,19.1538625326107,TRUE,0.281081081081081
"north",663,70.5401356254775,TRUE,0.258640552995392
"north",664,14.7062549108075,TRUE,0.209677419354839
"north",665,10.3029908743256,TRUE,0.324503311258278
"north",666,16.3786001035708,TRUE,0.271626297577855
"north",667,19.585624754804,TRUE,0.3582995951417
"north",668,20.3691705434582,TRUE,0.221830985915493
"north",669,17.0936735721296,TRUE,0.254237288135593
"north",670,16.8963256462699,TRUE,0.277173913043478
"north",671,16.5432506536345,TRUE,0.329439252336449
"north",672,23.2137549691354,TRUE,0.258687258687259
"north",673,12.9579407189465,TRUE,0.23010752688172
"north",674,68.1467062947914,TRUE,0.286596119929453
"north",675,45.6486773469426,TRUE,0.211174242424242
"north",676,22.2140722321912,TRUE,0.237609329446064
"north",677,9.5785971562129,TRUE,0.289808917197452
"north",678,19.9380776545733,TRUE,0.181632653061225
"north",679,16.393264676547,TRUE,0.295045045045045
"north",680,12.295344837721,TRUE,0.3125
"north",681,20.7739298195139,TRUE,0.265037593984962
"north",682,55.2807996777605,TRUE,0.207109737248841
"north",683,11.698039936338,TRUE,0.336477987421384
"north",684,11.0226306863803,TRUE,0.296774193548387
"north",685,20.0085970163863,TRUE,0.228706624605678
"north",686,23.1484846884454,TRUE,0.359805510534846
"north",687,16.1661058286399,TRUE,0.303964757709251
"north",688,39.2844367283313,TRUE,0.265159301130524
"north",689,23.3492466734542,TRUE,0.229607250755287
"north",690,22.695319769899,TRUE,0.13719512195122
"north",691,14.6417804823735,TRUE,0.199115044247788
"north",692,26.0816716329442,TRUE,0.164723032069971
"north",693,20.3778838609145,TRUE,0.218236173393124
"north",694,26.817493298515,TRUE,0.27841845140033
"north",695,14.2302529943675,TRUE,0.253196930946292
"north",696,19.6544171549281,TRUE,0.234567901234568
"north",697,10.3625196534886,TRUE,0.246621621621622
"north",698,12.9573785637519,TRUE,0.244845360824742
"north",699,14.2959774777926,TRUE,0.262376237623762
"north",700,18.0912750221673,TRUE,0.246887966804979
"north",701,10.6435038578658,TRUE,0.316326530612245
"north",702,31.139395825481,TRUE,0.267326732673267
"north",703,50.6853042456259,TRUE,0.228260869565217
"north",704,13.4181310695659,TRUE,0.339473684210526
"north",705,79.0308307851252,TRUE,0.274364406779661
"north",706,52.8123504793331,TRUE,0.32089552238806
"north",707,16.5439723307382,TRUE,0.233193277310924
"north",708,38.7549121594156,TRUE,0.287368421052632
"north",709,16.9116788024633,TRUE,0.264705882352941
"north",710,24.650522268986,TRUE,0.19047619047619
"north",711,11.5906252124339,TRUE,0.359195402298851
"north",712,20.0777644920942,TRUE,0.271973466003317
"north",713,17.0314158083693,TRUE,0.335125448028674
"north",714,56.3150315375728,TRUE,0.284708249496982
"north",715,17.8867252041082,TRUE,0.310483870967742
"north",716,14.4769427506447,TRUE,0.273399014778325
"north",717,48.0478811874528,TRUE,0.202380952380952
"north",718,20.0292031489194,TRUE,0.310077519379845
"north",719,11.7513839397915,TRUE,0.341317365269461
"north",720,17.8346946263764,TRUE,0.368932038834951
"north",721,79.6908643297151,TRUE,0.291942604856512
"north",722,13.6282071762212,TRUE,0.215
"north",723,16.7250041811175,TRUE,0.345528455284553
"north",724,21.8962762056642,TRUE,0.216772151898734
"north",725,10.219963467246,TRUE,0.302013422818792
"north",726,16.1802485304384,TRUE,0.282560706401766
"north",727,14.4537985636973,TRUE,0.175675675675676
"north",728,13.8692958702974,TRUE,0.216666666666667
"north",729,18.6457452603901,TRUE,0.259717314487633
"north",730,24.0079218503314,TRUE,0.183890577507599
"north",731,14.2824880006485,TRUE,0.299492385786802
"north",732,49.4700791869538,TRUE,0.191226096737908
"north",733,15.6247689474382,TRUE,0.173824130879346
"north",734,51.6629162743358,TRUE,0.255238095238095
"north",735,24.4344603139846,TRUE,0.191780821917808
"north",736,10.4881270868746,TRUE,0.286549707602339
"north",737,15.499153031,TRUE,0.25
"north",738,22.5061074920254,TRUE,0.293078055964654
"north",739,29.789391948184,TRUE,0.280471821756225
"north",740,25.3427504155775,TRUE,0.191964285714286
"north",741,13.1474122114738,TRUE,0.319444444444444
"north",742,18.7786666811736,TRUE,0.238955823293173
"north",743,16.5194910675325,TRUE,0.331096196868009
"north",744,28.446445490672,TRUE,0.227272727272727
"north",745,19.1998496797569,TRUE,0.269642857142857
"north",746,14.6536714199632,TRUE,0.264423076923077
"north",747,38.3933722457891,TRUE,0.353128313891835
"north",748,16.6420182452679,TRUE,0.158730158730159
"north",749,9.45688433490545,TRUE,0.157718120805369
"north",750,17.541900986638,TRUE,0.362
"north",751,17.7714939304709,TRUE,0.321100917431193
"north",752,42.045527256829,TRUE,0.391933815925543
"north",753,10.4771289390337,TRUE,0.260233918128655
"north",754,31.4288323903754,TRUE,0.372027972027972
"north",755,13.700960735633,TRUE,0.332402234636872
"north",756,19.5224113541128,TRUE,0.214405360134003
"north",757,19.6192932317099,TRUE,0.19212962962963
"north",758,11.2593860009288,TRUE,0.282312925170068
"north",759,25.2745857955826,TRUE,0.278890600924499
"north",760,15.0462715120164,TRUE,0.1875
"north",761,16.9674751434627,TRUE,0.218487394957983
"north",762,26.2307388684928,TRUE,0.272857142857143
"north",763,17.859369884188,TRUE,0.404166666666667
"north",764,24.9796776305253,TRUE,0.301369863013699
"north",765,47.5591347464318,TRUE,0.307773109243697
"north",766,29.409696606381,TRUE,0.224203821656051
"north",767,16.9602965334975,TRUE,0.225
"north",768,26.1106623940818,TRUE,0.151360544217687
"north",769,12.3977518381108,TRUE,0.265625
"north",770,25.7434536044821,TRUE,0.314984709480122
"north",771,20.579474480806,TRUE,0.280701754385965
"north",772,25.1691920203137,TRUE,0.176046176046176
"north",773,11.4359264030692,TRUE,0.252941176470588
"north",774,16.9160522135235,TRUE,0.28695652173913
"north",775,45.8629294532526,TRUE,0.317880794701987
"north",776,15.7194012754932,TRUE,0.285046728971963
"north",777,16.2506448043371,TRUE,0.276744186046512
"north",778,25.8352252954598,TRUE,0.280728376327769
"north",779,23.1400282068496,TRUE,0.290322580645161
"north",780,11.3693110311234,TRUE,0.242774566473988
"north",781,17.6547017859468,TRUE,0.187234042553191
"north",782,11.4486394974482,TRUE,0.338983050847458
"north",783,15.5360587539122,TRUE,0.222457627118644
"north",784,13.9943899216776,TRUE,0.343243243243243
"north",785,23.4990390620566,TRUE,0.333333333333333
"north",786,13.5510983817914,TRUE,0.26530612244898
"north",787,43.5194582970892,TRUE,0.216129032258065
"north",788,26.5855229980097,TRUE,0.32120253164557
"north",789,53.316159155164,TRUE,0.220588235294118
"north",790,20.935645766189,TRUE,0.270408163265306
"north",791,20.4194360976301,TRUE,0.354531001589825
"north",792,24.3492911768483,TRUE,0.208695652173913
"north",793,16.7819063214101,TRUE,0.316425120772947
"north",794,18.961213469381,TRUE,0.283095723014257
"north",795,18.8665187180029,TRUE,0.205479452054795
"north",796,43.4729513581486,TRUE,0.339973439575033
"north",797,11.933970903005,TRUE,0.327380952380952
"north",798,56.0454866110494,TRUE,0.335205992509363
"north",799,49.9849711256563,TRUE,0.255474452554745
"north",800,20.3965790718285,TRUE,0.225490196078431
"north",801,21.9881400534903,TRUE,0.324652777777778
"north",802,17.3445644696476,TRUE,0.370892018779343
"north",803,54.9985908767544,TRUE,0.297067171239357
"north",804,74.0866316424972,TRUE,0.254412397761515
"north",805,22.5843114131239,TRUE,0.235655737704918
"north",806,15.1808609578277,TRUE,0.268041237113402
"north",807,18.4112205782943,TRUE,0.197826086956522
"north",808,15.2098164518258,TRUE,0.292056074766355
"north",809,13.3130877554641,TRUE,0.315340909090909
"north",810,12.1615843471972,TRUE,0.326347305389222
"north",811,15.1222582165886,TRUE,0.233333333333333
"north",812,51.3541736125803,TRUE,0.311196911196911
"north",813,16.0488057974383,TRUE,0.361990950226244
"north",814,14.5893805019919,TRUE,0.264563106796116
"north",815,14.5853399433538,TRUE,0.211618257261411
"north",816,47.3487034360092,TRUE,0.304928131416838
"north",817,28.5084878522845,TRUE,0.348275862068965
"north",818,28.5737779673471,TRUE,0.294656488549618
"north",819,13.4125956767921,TRUE,0.266666666666667
"north",820,24.7614776683992,TRUE,0.34
"north",821,14.5878560338725,TRUE,0.281094527363184
"north",822,13.478362027205,TRUE,0.287425149700599
"north",823,11.3924044964515,TRUE,0.318559556786704
"north",824,17.8574677866203,TRUE,0.247950819672131
"north",825,17.7324676949656,TRUE,0.205273069679849
"north",826,49.1571566246941,TRUE,0.250730994152047
"north",827,17.8291472310388,TRUE,0.244718309859155
"north",828,10.3960779039045,TRUE,0.233918128654971
"north",829,45.6726738778033,TRUE,0.278643446379468
"north",830,13.0650772442675,TRUE,0.244444444444444
"north",831,16.4168896517012,TRUE,0.260504201680672
"north",832,14.0155346587696,TRUE,0.223214285714286
"north",833,13.317606732843,TRUE,0.211640211640212
"north",834,21.324122657229,TRUE,0.265342960288809
"north",835,51.0152187863407,TRUE,0.31578947368421
"north",836,14.5704417627827,TRUE,0.270491803278689
"north",837,21.1808445489582,TRUE,0.353463587921847
"north",838,16.3336824465067,TRUE,0.271762208067941
"north",839,9.5962014806988,TRUE,0.29585798816568
"north",840,14.1075425539741,TRUE,0.270053475935829
"north",841,15.9578658735022,TRUE,0.290697674418605
"north",842,11.6559547554964,TRUE,0.293918918918919
"north",843,14.3610149114505,TRUE,0.206730769230769
"north",844,13.114228048352,TRUE,0.253012048192771
"north",845,16.7653472981641,TRUE,0.315094339622641
"north",846,48.1702558866532,TRUE,0.270652173913043
"north",847,14.6839152436878,TRUE,0.314553990610329
"north",848,14.1830406129187,TRUE,0.265957446808511
"north",849,18.7996924928512,TRUE,0.288927335640138
"north",850,76.8588894407698,TRUE,0.337507453786524
"north",851,26.7310435224855,TRUE,0.170512820512821
"north",852,11.7287104665203,TRUE,0.270700636942675
"north",853,46.7175222068957,TRUE,0.354674796747967
"north",854,12.0219233932296,TRUE,0.324324324324324
"north",855,12.670085029157,TRUE,0.215384615384615
"north",856,26.9443474239121,TRUE,0.293081761006289
"north",857,21.8924148855348,TRUE,0.228
"north",858,14.5674254555095,TRUE,0.18348623853211
"north",859,21.4048546594113,TRUE,0.288808664259928
"north",860,43.6079226209976,TRUE,0.294294294294294
"north",861,43.5377188487662,TRUE,0.224598930481283
"north",862,22.0333288653156,TRUE,0.256993006993007
"north",863,12.025179305996,TRUE,0.303370786516854
"north",864,18.4586785300585,TRUE,0.279411764705882
"north",865,21.0780076921751,TRUE,0.238193018480493
"north",866,13.8200828002477,TRUE,0.281395348837209
"north",867,16.0366387911059,TRUE,0.290697674418605
"north",868,15.9920813349136,TRUE,0.308
"north",869,25.6757832298436,TRUE,0.219834710743802
"north",870,20.1967527287575,TRUE,0.25512104283054
"north",871,17.3484162112431,TRUE,0.135964912280702
"north",872,18.1420372143185,TRUE,0.201127819548872
"north",873,28.3465236371154,TRUE,0.290366350067843
"north",874,16.5973689689407,TRUE,0.206976744186047
"north",875,49.7121752723978,TRUE,0.271991911021234
"north",876,20.5327596575504,TRUE,0.163533834586466
"north",877,18.1561351501172,TRUE,0.237451737451737
"north",878,15.591798380791,TRUE,0.23047619047619
"north",879,25.6500340181893,TRUE,0.270696452036794
"north",880,20.6455383560126,TRUE,0.221036585365854
"north",881,17.2688436503213,TRUE,0.155131264916468
"north",882,19.7700273400315,TRUE,0.259398496240602
"north",883,24.8803183529427,TRUE,0.375
"north",884,17.7578082559075,TRUE,0.2625
"north",885,10.6583779946804,TRUE,0.236196319018405
"north",886,43.6170104423512,TRUE,0.272177419354839
"north",887,20.2376712991523,TRUE,0.20479704797048
"north",888,20.5522720049599,TRUE,0.213355048859935
"north",889,49.3801708606863,TRUE,0.310843373493976
"north",890,80.9937802072987,TRUE,0.305294117647059
"north",891,14.7792579202875,TRUE,0.206030150753769
"north",892,10.5962372808247,TRUE,0.282208588957055
"north",893,16.957386254952,TRUE,0.238683127572016
"north",894,14.3899973256198,TRUE,0.160164271047228
"north",895,26.3870282579498,TRUE,0.220149253731343
"north",896,15.0479369542237,TRUE,0.279735682819383
"north",897,21.2295189957673,TRUE,0.221476510067114
"north",898,48.9551754593111,TRUE,0.280538302277433
"north",899,18.8238337751695,TRUE,0.195945945945946
"north",900,49.792140784648,TRUE,0.294921875
"north",901,18.3432513754917,TRUE,0.319654427645788
"north",902,12.6263249779254,TRUE,0.221276595744681
"north",903,47.2179874304331,TRUE,0.31357552581262
"north",904,16.7784864210361,TRUE,0.195856873822976
"north",905,42.2182618128403,TRUE,0.267441860465116
"north",906,26.1727604267427,TRUE,0.361204013377926
"north",907,25.0191362489468,TRUE,0.24702380952381
"north",908,17.2202282835134,TRUE,0.248927038626609
"north",909,12.4423926967209,TRUE,0.28
"north",910,14.2609474482934,TRUE,0.248633879781421
"north",911,18.5345400700929,TRUE,0.179347826086957
"north",912,18.1784290533776,TRUE,0.182879377431907
"north",913,52.0361713514893,TRUE,0.317159763313609
"north",914,45.6594341103142,TRUE,0.327759197324415
"north",915,18.3650747458007,TRUE,0.233684210526316
"north",916,22.8579494725299,TRUE,0.229289940828402
"north",917,18.29819322377,TRUE,0.334051724137931
"north",918,15.7779748038752,TRUE,0.194570135746606
"north",919,16.9986016374655,TRUE,0.269874476987448
"north",920,17.8839848900199,TRUE,0.281449893390192
"north",921,17.9941186736514,TRUE,0.219409282700422
"north",922,17.7936359335101,TRUE,0.141304347826087
"north",923,45.4938640066631,TRUE,0.281496062992126
"north",924,12.0291814711728,TRUE,0.287878787878788
"north",925,79.7480463963296,TRUE,0.276722090261283
"north",926,71.5891291589725,TRUE,0.247958426132145
"north",927,27.6890475896251,TRUE,0.259863945578231
"north",928,12.2733338180644,TRUE,0.281578947368421
"north",929,13.5754692514456,TRUE,0.287634408602151
"north",930,74.530496604953,TRUE,0.264836138175376
"north",931,26.0823195293453,TRUE,0.24744608399546
"north",932,20.5723909112324,TRUE,0.244402985074627
"north",933,18.0654686931077,TRUE,0.189873417721519
"north",934,13.5619814579276,TRUE,0.246411483253589
"north",935,12.6870871394154,TRUE,0.296195652173913
"north",936,16.9790273596601,TRUE,0.300215982721382
"north",937,15.0041601967342,TRUE,0.233830845771144
"north",938,14.5373928755253,TRUE,0.28743961352657
"north",939,15.0311095471273,TRUE,0.276960784313726
"north",940,16.8828961465102,TRUE,0.341981132075472
"north",941,53.1300074968959,TRUE,0.307552320291174
"north",942,17.4439890749884,TRUE,0.245192307692308
"north",943,13.8009226590545,TRUE,0.178654292343387
"north",944,15.1208025406604,TRUE,0.263657957244656
"north",945,16.0110550785913,TRUE,0.285377358490566
"north",946,13.8859829579613,TRUE,0.3203125
"north",947,12.9719136682114,TRUE,0.303664921465969
"north",948,19.2824870180616,TRUE,0.29143897996357
"north",949,16.7094086146443,TRUE,0.248730964467005
"north",950,11.2230453098364,TRUE,0.281976744186047
"north",951,18.8841167649351,TRUE,0.227180527383367
"north",952,18.1421221135534,TRUE,0.337606837606838
"north",953,10.9554840867776,TRUE,0.301204819277108
"north",954,14.0890374375768,TRUE,0.362745098039216
"north",955,16.4965249566475,TRUE,0.18609022556391
"north",956,14.8316136351773,TRUE,0.247572815533981
"north",957,17.262526407028,TRUE,0.226829268292683
"north",958,14.2931874860919,TRUE,0.233333333333333
"north",959,12.1013687374899,TRUE,0.287790697674419
"north",960,24.7671748304662,TRUE,0.206946454413893
"north",961,49.619783759755,TRUE,0.247390396659708
"north",962,13.7123316539242,TRUE,0.148325358851675
"north",963,17.9564766260095,TRUE,0.299638989169675
"north",964,24.2332370033498,TRUE,0.382215288611544
"north",965,17.033615136763,TRUE,0.284584980237154
"north",966,16.2340169122381,TRUE,0.273148148148148
"north",967,25.4559713216641,TRUE,0.199728260869565
"north",968,14.4060367794316,TRUE,0.291777188328912
"north",969,11.69527590873,TRUE,0.252808988764045
"north",970,47.7993439558966,TRUE,0.321910695742471
"north",971,15.9209031232014,TRUE,0.239495798319328
"north",972,15.7280352940206,TRUE,0.270042194092827
"north",973,12.4515378577741,TRUE,0.246875
"north",974,26.8853094396111,TRUE,0.269125683060109
"north",975,25.8663781826545,TRUE,0.248097412480974
"north",976,52.3017967597746,TRUE,0.338770388958595
"north",977,15.2010183205268,TRUE,0.31981981981982
"north",978,24.7290483334054,TRUE,0.263473053892216
"north",979,20.2609529771523,TRUE,0.390243902439024
"north",980,22.9024720872274,TRUE,0.305882352941176
"north",981,15.5207944775724,TRUE,0.26
"north",982,31.9776602294178,TRUE,0.189095127610209
"north",983,16.5738689191393,TRUE,0.263157894736842
"north",984,17.9742858600401,TRUE,0.319298245614035
"north",985,14.6378837169875,TRUE,0.280660377358491
"north",986,15.3243510862009,TRUE,0.293181818181818
"north",987,13.0848787090022,TRUE,0.188725490196078
"north",988,12.3475903925974,TRUE,0.263313609467456
"north",989,15.6644888158491,TRUE,0.303317535545024
"north",990,18.034380188073,TRUE,0.15702479338843
"north",991,21.5979045108102,TRUE,0.209748892171344
"north",992,48.9246963999787,TRUE,0.348663101604278
"north",993,18.1617905956563,TRUE,0.213973799126638
"north",994,42.0850097115257,TRUE,0.254366812227074
"north",995,15.1439168405754,TRUE,0.198198198198198
"north",996,14.0057466463686,TRUE,0.264705882352941
"north",997,15.3977237241569,TRUE,0.224747474747475
"north",998,24.6600833061974,TRUE,0.274928774928775
"north",999,18.8089299789791,TRUE,0.18815331010453
"north",1000,17.7854669789434,TRUE,0.217021276595745
"south",1,29.4487764294151,TRUE,0.312169312169312
"south",2,31.1146027661964,TRUE,0.206741573033708
"south",3,36.1642844052084,TRUE,0.280821917808219
"south",4,30.6055628152623,TRUE,0.268370607028754
"south",5,30.1448081925795,TRUE,0.385382059800664
"south",6,26.6945412883959,TRUE,0.317965023847377
"south",7,33.0084990391687,TRUE,0.279329608938547
"south",8,30.8551438741681,TRUE,0.319880418535127
"south",9,30.2905956479099,TRUE,0.413084112149533
"south",10,42.2236994470157,TRUE,0.357344632768362
"south",11,20.3505862065715,TRUE,0.316849816849817
"south",12,23.4889675815031,TRUE,0.271364317841079
"south",13,39.4568191196154,TRUE,0.334302325581395
"south",14,21.762963220073,TRUE,0.486979166666667
"south",15,27.3127520828634,TRUE,0.288824383164006
"south",16,25.5020080950487,TRUE,0.257686676427526
"south",17,43.4010724477661,TRUE,0.289340101522843
"south",18,64.0664584986609,TRUE,0.252892561983471
"south",19,34.1927933819049,TRUE,0.315032679738562
"south",20,26.3915078331287,TRUE,0.346607669616519
"south",21,28.0669420566986,TRUE,0.336092715231788
"south",22,21.940169616392,TRUE,0.223285486443381
"south",23,33.6476426651548,TRUE,0.221014492753623
"south",24,32.0827608839892,TRUE,0.364102564102564
"south",25,29.5469640744219,TRUE,0.380952380952381
"south",26,30.6252424571398,TRUE,0.291338582677165
"south",27,25.2121083819587,TRUE,0.370873786407767
"south",28,25.0342696785821,TRUE,0.362264150943396
"south",29,25.4857607047883,TRUE,0.284053156146179
"south",30,31.5234775127073,TRUE,0.302287581699346
"south",31,28.2183305868511,TRUE,0.24238578680203
"south",32,36.39951328478,TRUE,0.25124131082423
"south",33,29.8472619653294,TRUE,0.281593406593407
"south",34,27.3513036513961,TRUE,0.181122448979592
"south",35,26.0411066582782,TRUE,0.250830564784053
"south",36,30.9478324005243,TRUE,0.249621785173979
"south",37,25.1485187682553,TRUE,0.297077922077922
"south",38,56.6687364221835,TRUE,0.259796806966618
"south",39,31.3145666567302,TRUE,0.205378973105134
"south",40,28.6663226900696,TRUE,0.297979797979798
"south",41,27.2144203163052,TRUE,0.390953150242326
"south",42,31.256840212161,TRUE,0.353284671532847
"south",43,26.1137370833566,TRUE,0.323624595469256
"south",44,33.2131327271676,TRUE,0.297727272727273
"south",45,30.7898390918281,TRUE,0.252782193958665
"south",46,25.8085596901278,TRUE,0.385714285714286
"south",47,24.4776879498247,TRUE,0.31241655540721
"south",48,30.7104604853965,TRUE,0.239316239316239
"south",49,26.2717027754418,TRUE,0.303649635036496
"south",50,31.9155862728227,TRUE,0.304535637149028
"south",51,27.934758625681,TRUE,0.235483870967742
"south",52,26.063132408512,TRUE,0.261904761904762
"south",53,30.5642702316468,TRUE,0.36612702366127
"south",54,23.0921239327549,TRUE,0.329749103942652
"south",55,28.1805354734658,TRUE,0.28696925329429
"south",56,25.1353037680845,TRUE,0.312080536912752
"south",57,21.8573823630711,TRUE,0.1984
"south",58,34.2794642353601,TRUE,0.240591397849462
"south",59,38.4628101907765,TRUE,0.292759706190976
"south",60,32.4526109048965,TRUE,0.361930294906166
"south",61,35.6984516021,TRUE,0.292993630573248
"south",62,25.064974595516,TRUE,0.357456140350877
"south",63,30.130397255154,TRUE,0.26775956284153
"south",64,36.5015051562039,TRUE,0.216110019646365
"south",65,31.9424781903377,TRUE,0.308885754583921
"south",66,33.422743799245,TRUE,0.294117647058824
"south",67,32.3919851479248,TRUE,0.253711201079622
"south",68,24.3202349310878,TRUE,0.316479400749064
"south",69,29.7109896560955,TRUE,0.229857819905213
"south",70,21.5165927589445,TRUE,0.245775729646697
"south",71,65.0230257183784,TRUE,0.23612823674476
"south",72,30.0696670958511,TRUE,0.341121495327103
"south",73,27.7775779063092,TRUE,0.284839203675345
"south",74,32.8078992890942,TRUE,0.301104972375691
"south",75,21.0274294965795,TRUE,0.219312602291326
"south",76,25.4771021787068,TRUE,0.266483516483516
"south",77,26.2783395628776,TRUE,0.264497878359264
"south",78,32.9744495747759,TRUE,0.281609195402299
"south",79,44.6385216339915,TRUE,0.324355971896956
"south",80,26.8622294213366,TRUE,0.255696202531646
"south",81,29.8078830534171,TRUE,0.257100149476831
"south",82,21.9747620309113,TRUE,0.347504621072089
"south",83,52.7527724590191,TRUE,0.204954954954955
"south",84,27.5716734522352,TRUE,0.336633663366337
"south",85,27.8291349399953,TRUE,0.30564263322884
"south",86,32.3212046815915,TRUE,0.273127753303965
"south",87,40.5333120063553,TRUE,0.341575091575092
"south",88,25.8611070501814,TRUE,0.262321144674086
"south",89,21.4640984012871,TRUE,0.336092715231788
"south",90,27.2747772799626,TRUE,0.259530791788856
"south",91,29.1976078517197,TRUE,0.266968325791855
"south",92,30.2711216590571,TRUE,0.280254777070064
"south",93,28.149421095458,TRUE,0.345146379044684
"south",94,53.7414584387085,TRUE,0.264591439688716
"south",95,24.9287461832125,TRUE,0.285502958579882
"south",96,58.1434423748159,TRUE,0.259216589861751
"south",97,29.7961033209022,TRUE,0.170758928571429
"south",98,32.4993773108965,TRUE,0.28479381443299
"south",99,30.8325433639989,TRUE,0.356340288924559
"south",100,29.125379059358,TRUE,0.219321148825065
"south",101,26.4736653584178,TRUE,0.291553133514986
"south",102,29.4429676567935,TRUE,0.273905996758509
"south",103,25.1923743434044,TRUE,0.378326996197719
"south",104,28.3968780057206,TRUE,0.226950354609929
"south",105,45.2301485285372,TRUE,0.227927927927928
"south",106,27.0414770959647,TRUE,0.420560747663551
"south",107,30.7583901453593,TRUE,0.403314917127072
"south",108,22.3368146701511,TRUE,0.410204081632653
"south",109,31.9607788901217,TRUE,0.372881355932203
"south",110,24.6005336336735,TRUE,0.335403726708075
"south",111,22.2445201006447,TRUE,0.344961240310078
"south",112,23.9623457122707,TRUE,0.318910256410256
"south",113,20.8432499485392,TRUE,0.271047227926078
"south",114,26.4676782033816,TRUE,0.305460750853242
"south",115,27.7465691612284,TRUE,0.295652173913043
"south",116,34.3289475531502,TRUE,0.218645948945616
"south",117,25.3210691514098,TRUE,0.30524861878453
"south",118,31.4717728747966,TRUE,0.295890410958904
"south",119,28.5462976932919,TRUE,0.275
"south",120,22.5902219899356,TRUE,0.250750750750751
"south",121,27.1907033874379,TRUE,0.239255014326648
"south",122,23.3983539474309,TRUE,0.255988023952096
"south",123,66.0135406030294,TRUE,0.234214786832164
"south",124,29.0042685509226,TRUE,0.190533980582524
"south",125,31.0278238399815,TRUE,0.459915611814346
"south",126,26.47672876379,TRUE,0.293785310734463
"south",127,26.1169688513212,TRUE,0.304909560723514
"south",128,22.9371485455807,TRUE,0.359060402684564
"south",129,28.9708744416339,TRUE,0.274373259052925
"south",130,31.0857196959766,TRUE,0.291358024691358
"south",131,28.8490311703494,TRUE,0.299835255354201
"south",132,47.4615429586384,TRUE,0.356536502546689
"south",133,26.7242934508904,TRUE,0.274774774774775
"south",134,27.4760368308647,TRUE,0.214285714285714
"south",135,24.9464335052031,TRUE,0.288288288288288
"south",136,30.2573117946714,TRUE,0.311499272197962
"south",137,32.1088406622772,TRUE,0.405737704918033
"south",138,37.005622968034,TRUE,0.355638166047088
"south",139,25.183735207259,TRUE,0.216010165184244
"south",140,26.3175985563482,TRUE,0.246875
"south",141,55.7502835008173,TRUE,0.255458515283843
"south",142,26.0628548222505,TRUE,0.295454545454545
"south",143,27.5011809292769,TRUE,0.231454005934718
"south",144,65.6251957502541,TRUE,0.304781923279033
"south",145,24.4081590494755,TRUE,0.310789049919485
"south",146,27.3662576884336,TRUE,0.307270233196159
"south",147,21.4022032336004,TRUE,0.259026687598116
"south",148,29.990507465954,TRUE,0.343173431734317
"south",149,31.5008113312736,TRUE,0.4375
"south",150,29.937314852114,TRUE,0.251396648044693
"south",151,30.906736183135,TRUE,0.27710843373494
"south",152,27.3440276502602,TRUE,0.291181364392679
"south",153,29.8891122614381,TRUE,0.327231121281465
"south",154,24.9599191525854,TRUE,0.342062193126023
"south",155,29.2522212508785,TRUE,0.245353159851301
"south",156,25.5282108199716,TRUE,0.370689655172414
"south",157,21.0397497376197,TRUE,0.388086642599278
"south",158,43.9383508867042,TRUE,0.279359430604982
"south",159,22.5004785023973,TRUE,0.268382352941176
"south",160,34.8943856662123,TRUE,0.282657657657658
"south",161,27.883445000479,TRUE,0.288964732650739
"south",162,44.8355465854966,TRUE,0.3125
"south",163,63.4647078941026,TRUE,0.241109530583215
"south",164,25.2682011627673,TRUE,0.239766081871345
"south",165,23.6723791156565,TRUE,0.285953177257525
"south",166,26.9895516046491,TRUE,0.222784810126582
"south",167,28.3313259003173,TRUE,0.365384615384615
"south",168,28.5487350638475,TRUE,0.278996865203762
"south",169,26.8285185294934,TRUE,0.268011527377522
"south",170,29.1979619710737,TRUE,0.34991423670669
"south",171,26.5810186083748,TRUE,0.354368932038835
"south",172,22.4835219108751,TRUE,0.29136690647482
"south",173,22.4831393996626,TRUE,0.398678414096916
"south",174,27.4009110799805,TRUE,0.285100286532951
"south",175,29.1980685437402,TRUE,0.34
"south",176,26.7111657474051,TRUE,0.295208655332303
"south",177,26.631560189977,TRUE,0.265449438202247
"south",178,30.0180702215155,TRUE,0.31024531024531
"south",179,27.9506731971296,TRUE,0.327272727272727
"south",180,29.9302001284181,TRUE,0.284829721362229
"south",181,27.0199681729849,TRUE,0.264423076923077
"south",182,36.9547086087191,TRUE,0.215686274509804
"south",183,24.1973224878742,TRUE,0.265079365079365
"south",184,30.3098614339046,TRUE,0.357429718875502
"south",185,26.2321532115032,TRUE,0.384036144578313
"south",186,41.0542222653289,TRUE,0.279151943462898
"south",187,34.5181845596223,TRUE,0.365126676602086
"south",188,35.5233025160071,TRUE,0.257102272727273
"south",189,25.4587945775138,TRUE,0.338394793926247
"south",190,25.8055060193484,TRUE,0.369090909090909
"south",191,26.9400531378123,TRUE,0.343205574912892
"south",192,25.2063391024304,TRUE,0.278215223097113
"south",193,38.1404158906208,TRUE,0.271076523994812
"south",194,29.4288130053933,TRUE,0.316272965879265
"south",195,26.0954919420299,TRUE,0.336411609498681
"south",196,24.5685410835475,TRUE,0.294915254237288
"south",197,27.5500209870296,TRUE,0.269417475728155
"south",198,28.9534514440522,TRUE,0.25
"south",199,36.6421368464843,TRUE,0.273939393939394
"south",200,31.9487574255411,TRUE,0.189859762675297
"south",201,27.9146639279101,TRUE,0.173455978975033
"south",202,24.2942454106802,TRUE,0.368670886075949
"south",203,34.5086861308929,TRUE,0.20532319391635
"south",204,60.6691377517621,TRUE,0.266111111111111
"south",205,29.4920337067225,TRUE,0.331226295828066
"south",206,22.8197049062923,TRUE,0.265671641791045
"south",207,24.955112296602,TRUE,0.299145299145299
"south",208,32.0570290053556,TRUE,0.144099378881988
"south",209,41.353395031423,TRUE,0.206792452830189
"south",210,28.4277868094523,TRUE,0.311627906976744
"south",211,36.404888779059,TRUE,0.205298013245033
"south",212,67.9724806723789,TRUE,0.32231884057971
"south",213,29.9874153197993,TRUE,0.343046357615894
"south",214,28.318484560642,TRUE,0.242924528301887
"south",215,25.2987808685849,TRUE,0.292929292929293
"south",216,27.748163838729,TRUE,0.212609970674487
"south",217,32.0231676041922,TRUE,0.259916492693111
"south",218,31.2542298751708,TRUE,0.240963855421687
"south",219,33.6400886597214,TRUE,0.332814930015552
"south",220,42.036529647056,TRUE,0.297029702970297
"south",221,26.0399592252288,TRUE,0.304132231404959
"south",222,37.1431129488103,TRUE,0.245995423340961
"south",223,40.8512986514649,TRUE,0.258139534883721
"south",224,23.7967782036123,TRUE,0.344106463878327
"south",225,24.2147163360978,TRUE,0.244274809160305
"south",226,25.1726295207631,TRUE,0.277922077922078
"south",227,20.080270416141,TRUE,0.428571428571429
"south",228,30.4835267678696,TRUE,0.245920745920746
"south",229,20.8947139160137,TRUE,0.390588235294118
"south",230,30.5219916893513,TRUE,0.353503184713376
"south",231,27.0246380806225,TRUE,0.271293375394322
"south",232,36.4265989184404,TRUE,0.224061810154525
"south",233,25.3399441449807,TRUE,0.271666666666667
"south",234,24.8485069094716,TRUE,0.257142857142857
"south",235,19.9431911583362,TRUE,0.361878453038674
"south",236,31.9882150073129,TRUE,0.262757871878393
"south",237,31.1991971228761,TRUE,0.284276729559748
"south",238,29.5833530455363,TRUE,0.235223160434258
"south",239,32.4011133295116,TRUE,0.202051282051282
"south",240,72.3193021199826,TRUE,0.293566520924422
"south",241,29.5191489075148,TRUE,0.270061728395062
"south",242,25.3023987990856,TRUE,0.252747252747253
"south",243,24.201614623649,TRUE,0.272012578616352
"south",244,24.2633109460898,TRUE,0.301092043681747
"south",245,27.563367381329,TRUE,0.274603174603175
"south",246,28.5353646011433,TRUE,0.2416
"south",247,24.3599308952589,TRUE,0.251712328767123
"south",248,38.1985670818352,TRUE,0.205417607223476
"south",249,24.4067486186026,TRUE,0.309230769230769
"south",250,31.2799255456337,TRUE,0.28
"south",251,24.0913053275807,TRUE,0.308457711442786
"south",252,26.0870095767673,TRUE,0.370503597122302
"south",253,20.1622514819596,TRUE,0.375609756097561
"south",254,25.3055627486818,TRUE,0.31438127090301
"south",255,25.2847323515997,TRUE,0.374031007751938
"south",256,36.182048303135,TRUE,0.31936127744511
"south",257,24.9118929854841,TRUE,0.354838709677419
"south",258,26.4042035122762,TRUE,0.354066985645933
"south",259,39.765343378507,TRUE,0.297619047619048
"south",260,27.0033712285078,TRUE,0.244582043343653
"south",261,27.6286313302053,TRUE,0.239842726081258
"south",262,29.7941101781193,TRUE,0.303120356612184
"south",263,65.9650902519745,TRUE,0.256488549618321
"south",264,47.1853647303614,TRUE,0.288923315259489
"south",265,31.2980681807655,TRUE,0.351522842639594
"south",266,24.5795086123739,TRUE,0.338487972508591
"south",267,28.0733845411456,TRUE,0.225157232704403
"south",268,37.1936786591515,TRUE,0.350332594235033
"south",269,29.7400351531842,TRUE,0.285897435897436
"south",270,34.394633858095,TRUE,0.164179104477612
"south",271,22.3117873125058,TRUE,0.295620437956204
"south",272,26.7341443490202,TRUE,0.25920245398773
"south",273,38.2123977407733,TRUE,0.292565947242206
"south",274,27.9661660747277,TRUE,0.265060240963855
"south",275,67.3069270670667,TRUE,0.33435960591133
"south",276,27.582128382141,TRUE,0.243373493975904
"south",277,38.228820542929,TRUE,0.228915662650602
"south",278,31.4722775684297,TRUE,0.240343347639485
"south",279,24.1153052408665,TRUE,0.335570469798658
"south",280,16.4039207750732,TRUE,0.236318407960199
"south",281,29.0253439358637,TRUE,0.424749163879599
"south",282,24.7478584489414,TRUE,0.285261489698891
"south",283,26.9155482460075,TRUE,0.316521739130435
"south",284,25.7898507984988,TRUE,0.2875
"south",285,38.9512506479295,TRUE,0.228133453561767
"south",286,25.4702726726775,TRUE,0.301094890510949
"south",287,32.8807651961932,TRUE,0.328048780487805
"south",288,29.3834145573423,TRUE,0.309744779582367
"south",289,27.1374400206379,TRUE,0.175609756097561
"south",290,22.3976147697224,TRUE,0.34453781512605
"south",291,36.0363465740753,TRUE,0.299763033175355
"south",292,23.5715553923633,TRUE,0.265
"south",293,30.3622910010229,TRUE,0.204633204633205
"south",294,35.3932985835881,TRUE,0.222116301239276
"south",295,24.9908301938539,TRUE,0.352713178294574
"south",296,71.7525460334424,TRUE,0.314747264200104
"south",297,34.8725056075867,TRUE,0.359625668449198
"south",298,28.7927143659867,TRUE,0.268115942028986
"south",299,73.1533639388494,TRUE,0.280185758513932
"south",300,28.525110364957,TRUE,0.265725288831836
"south",301,26.876923659436,TRUE,0.306646525679758
"south",302,43.387729995808,TRUE,0.265261627906977
"south",303,28.0864711839756,TRUE,0.337837837837838
"south",304,31.6000200480589,TRUE,0.31140350877193
"south",305,34.9051755608325,TRUE,0.367105263157895
"south",306,23.2042601154577,TRUE,0.441666666666667
"south",307,30.6496324037401,TRUE,0.400735294117647
"south",308,27.5691652848696,TRUE,0.299435028248588
"south",309,30.0036681718872,TRUE,0.243279569892473
"south",310,22.0384462735274,TRUE,0.261702127659574
"south",311,38.6225154432478,TRUE,0.284869976359338
"south",312,29.8379585250277,TRUE,0.26
"south",313,40.8131242904847,TRUE,0.250989707046714
"south",314,28.8449316994878,TRUE,0.392282958199357
"south",315,32.7700269613994,TRUE,0.323823109843081
"south",316,31.2118511277727,TRUE,0.280048076923077
"south",317,37.2429180551749,TRUE,0.290155440414508
"south",318,25.1851845920308,TRUE,0.293375394321767
"south",319,36.8977249174321,TRUE,0.315315315315315
"south",320,28.2527303970237,TRUE,0.275471698113208
"south",321,32.62235629303,TRUE,0.370218579234973
"south",322,36.1313624294957,TRUE,0.187728937728938
"south",323,34.6474101870504,TRUE,0.323797139141743
"south",324,28.7927875847983,TRUE,0.260657734470158
"south",325,25.9420196548272,TRUE,0.31981981981982
"south",326,28.3917642570789,TRUE,0.333853354134165
"south",327,25.1368160052737,TRUE,0.305555555555556
"south",328,24.8905430146145,TRUE,0.352553542009885
"south",329,23.476819693842,TRUE,0.297117516629712
"south",330,28.3779914826441,TRUE,0.276470588235294
"south",331,34.7532292479115,TRUE,0.221532091097308
"south",332,34.3792344422564,TRUE,0.240044247787611
"south",333,32.0308078290448,TRUE,0.228571428571429
"south",334,26.3791822231496,TRUE,0.250372578241431
"south",335,28.9137952495099,TRUE,0.187185929648241
"south",336,25.4506241174644,TRUE,0.230194319880419
"south",337,26.6570232019911,TRUE,0.282247765006386
"south",338,38.7248753829865,TRUE,0.284403669724771
"south",339,24.5839289790231,TRUE,0.304075235109718
"south",340,25.6152465648628,TRUE,0.277158774373259
"south",341,23.4793250267315,TRUE,0.301261829652997
"south",342,33.5308156638542,TRUE,0.226826608505998
"south",343,40.8061556125893,TRUE,0.258264462809917
"south",344,29.2960135271581,TRUE,0.308802308802309
"south",345,26.2183900066092,TRUE,0.288216560509554
"south",346,23.7547320891976,TRUE,0.256862745098039
"south",347,29.0963636879483,TRUE,0.290368271954674
"south",348,33.9879883240332,TRUE,0.27981220657277
"south",349,29.4941422555065,TRUE,0.413078149920255
"south",350,28.3425074734929,TRUE,0.281073446327684
"south",351,22.2162178098382,TRUE,0.292387543252595
"south",352,31.0517791325572,TRUE,0.278935185185185
"south",353,31.971005235056,TRUE,0.206751054852321
"south",354,27.8279271219986,TRUE,0.262723521320495
"south",355,25.3271920885101,TRUE,0.294444444444444
"south",356,31.7286882464664,TRUE,0.296052631578947
"south",357,27.9761625756048,TRUE,0.304093567251462
"south",358,34.6179606621773,TRUE,0.271561771561772
"south",359,44.899611395582,TRUE,0.289256198347107
"south",360,24.3557305908175,TRUE,0.32737030411449
"south",361,30.0342690482978,TRUE,0.216624685138539
"south",362,23.6038972506789,TRUE,0.286775631500743
"south",363,36.0875486597306,TRUE,0.312737642585551
"south",364,24.0884440656266,TRUE,0.305860805860806
"south",365,31.4261319881687,TRUE,0.221991701244813
"south",366,31.8695254874491,TRUE,0.398809523809524
"south",367,31.0253807864335,TRUE,0.385174418604651
"south",368,26.0599655224676,TRUE,0.387323943661972
"south",369,30.3581397987186,TRUE,0.313984168865435
"south",370,24.4050272319418,TRUE,0.281569965870307
"south",371,31.7512222755467,TRUE,0.376876876876877
"south",372,26.3146073545132,TRUE,0.291172595520422
"south",373,30.2181825382354,TRUE,0.318666666666667
"south",374,30.1871545225788,TRUE,0.333764553686934
"south",375,37.4220429244585,TRUE,0.241486068111455
"south",376,30.9367413390769,TRUE,0.42879746835443
"south",377,31.2926922649195,TRUE,0.26193724420191
"south",378,45.0209124999782,TRUE,0.258349705304519
"south",379,38.2934708798908,TRUE,0.28375
"south",380,37.8217156764577,TRUE,0.24109362054681
"south",381,29.9280001249411,TRUE,0.376302083333333
"south",382,20.1143281215324,TRUE,0.269470404984424
"south",383,45.4724604262047,TRUE,0.223781998348472
"south",384,35.7577345621699,TRUE,0.254335260115607
"south",385,44.2457063377272,TRUE,0.287021630615641
"south",386,28.2196058820429,TRUE,0.259433962264151
"south",387,28.5544965762022,TRUE,0.273142857142857
"south",388,31.2494862783994,TRUE,0.220412595005429
"south",389,23.2377176024284,TRUE,0.326989619377163
"south",390,62.3441313813289,TRUE,0.280538302277433
"south",391,28.8179103488775,TRUE,0.366720516962843
"south",392,20.9796893253597,TRUE,0.231511254019293
"south",393,24.2619626236627,TRUE,0.417670682730924
"south",394,25.2027008804591,TRUE,0.35014409221902
"south",395,29.3429237697586,TRUE,0.265472312703583
"south",396,33.7210449851243,TRUE,0.227960819234194
"south",397,24.4266306413142,TRUE,0.295774647887324
"south",398,28.0074060242204,TRUE,0.351851851851852
"south",399,29.2158811627987,TRUE,0.313186813186813
"south",400,29.1436838006448,TRUE,0.224195338512764
"south",401,23.6478007381266,TRUE,0.26140350877193
"south",402,47.881575702653,TRUE,0.378818737270876
"south",403,26.2239324711624,TRUE,0.332677165354331
"south",404,25.1532574886271,TRUE,0.294788273615635
"south",405,27.5642396976624,TRUE,0.315955766192733
"south",406,24.2791174463861,TRUE,0.408745247148289
"south",407,26.0578124139516,TRUE,0.349736379613357
"south",408,37.086347454792,TRUE,0.253036437246964
"south",409,22.1420476106473,TRUE,0.262023217247098
"south",410,27.50612184591,TRUE,0.394863563402889
"south",411,34.5978232246392,TRUE,0.332138590203106
"south",412,48.0690455465659,TRUE,0.230122818358112
"south",413,46.2666958769571,TRUE,0.304112554112554
"south",414,24.8797047190699,TRUE,0.228571428571429
"south",415,25.4554552656037,TRUE,0.323051948051948
"south",416,30.4796847956927,TRUE,0.276864728192162
"south",417,30.2183832483543,TRUE,0.390243902439024
"south",418,28.7474441469608,TRUE,0.455414012738854
"south",419,19.6996147448261,TRUE,0.478947368421053
"south",420,28.6077719662788,TRUE,0.303430079155673
"south",421,30.9487428708222,TRUE,0.398255813953488
"south",422,27.5757840848081,TRUE,0.302891933028919
"south",423,66.5199349113649,TRUE,0.230290456431535
"south",424,31.2334588938792,TRUE,0.204188481675393
"south",425,27.3780606121408,TRUE,0.325174825174825
"south",426,24.7678953012672,TRUE,0.211143695014663
"south",427,33.0122451157568,TRUE,0.301605504587156
"south",428,26.1151599739809,TRUE,0.262090483619345
"south",429,30.8455560192447,TRUE,0.351851851851852
"south",430,31.1753549360993,TRUE,0.234042553191489
"south",431,26.2283136330916,TRUE,0.323825503355705
"south",432,27.5975549118524,TRUE,0.312781954887218
"south",433,24.2602314696742,TRUE,0.289317507418398
"south",434,27.6663417311413,TRUE,0.271428571428571
"south",435,28.4978030083326,TRUE,0.315181518151815
"south",436,41.2733414085861,TRUE,0.314252336448598
"south",437,32.9849684525331,TRUE,0.236127508854782
"south",438,43.6089049137806,TRUE,0.305975521958243
"south",439,26.2680500766409,TRUE,0.471578947368421
"south",440,28.3259651842588,TRUE,0.327922077922078
"south",441,32.4277435720199,TRUE,0.264900662251656
"south",442,27.8573887942081,TRUE,0.267647058823529
"south",443,60.7618145427671,TRUE,0.225
"south",444,31.2130806488565,TRUE,0.29372197309417
"south",445,22.184918505298,TRUE,0.279545454545455
"south",446,30.4359882269745,TRUE,0.233137829912023
"south",447,28.4658497015688,TRUE,0.256451612903226
"south",448,23.7112051591538,TRUE,0.261538461538462
"south",449,26.946651930871,TRUE,0.275693311582382
"south",450,36.5284300998037,TRUE,0.206937799043062
"south",451,36.7686001990175,TRUE,0.238416988416988
"south",452,25.5717295197202,TRUE,0.32741935483871
"south",453,26.5563817515649,TRUE,0.343450479233227
"south",454,27.5871419706215,TRUE,0.33859649122807
"south",455,32.1478078788928,TRUE,0.225186766275347
"south",456,22.8421053230298,TRUE,0.270190895741557
"south",457,27.0320651386326,TRUE,0.366906474820144
"south",458,26.3538801364348,TRUE,0.416342412451362
"south",459,30.1899904671242,TRUE,0.3648
"south",460,26.3982498817243,TRUE,0.287828947368421
"south",461,28.8802896014587,TRUE,0.278447121820616
"south",462,27.1100642027238,TRUE,0.284649776453055
"south",463,39.9195647000991,TRUE,0.271402550091075
"south",464,28.7936668861129,TRUE,0.347578347578348
"south",465,19.2778865284579,TRUE,0.347272727272727
"south",466,35.0693335343696,TRUE,0.291028446389497
"south",467,41.043133895797,TRUE,0.258591065292096
"south",468,29.5794235568652,TRUE,0.314787701317716
"south",469,30.6492465514586,TRUE,0.337922403003755
"south",470,31.0677006648811,TRUE,0.186609686609687
"south",471,27.7414683662134,TRUE,0.318181818181818
"south",472,22.6863033773331,TRUE,0.234965034965035
"south",473,38.7315526792561,TRUE,0.29971181556196
"south",474,31.1285828046437,TRUE,0.213924050632911
"south",475,28.0318802101367,TRUE,0.329032258064516
"south",476,25.951007467906,TRUE,0.285714285714286
"south",477,28.7112241400626,TRUE,0.251807228915663
"south",478,32.5916722547438,TRUE,0.280788177339901
"south",479,26.3251003343437,TRUE,0.261695906432749
"south",480,64.6664870650435,TRUE,0.268250289687138
"south",481,33.3004349738578,TRUE,0.158205430932704
"south",482,30.8349493494323,TRUE,0.279470198675497
"south",483,21.4600502551496,TRUE,0.485915492957746
"south",484,27.6927822735441,TRUE,0.307282415630551
"south",485,24.9791216743159,TRUE,0.348534201954397
"south",486,30.2596329729987,TRUE,0.339339339339339
"south",487,29.8060460417856,TRUE,0.223433242506812
"south",488,35.2387395119486,TRUE,0.209165687426557
"south",489,30.7019163060884,TRUE,0.325757575757576
"south",490,59.8792690185471,TRUE,0.247002398081535
"south",491,30.3342536872116,TRUE,0.361930294906166
"south",492,28.4152642322399,TRUE,0.234553775743707
"south",493,27.1806256147969,TRUE,0.276657060518732
"south",494,25.1216124721844,TRUE,0.243023255813953
"south",495,30.6584965196184,TRUE,0.239625167336011
"south",496,35.5763186297393,TRUE,0.286967418546366
"south",497,26.3813083964863,TRUE,0.299684542586751
"south",498,26.4301361723572,TRUE,0.345114345114345
"south",499,28.2638411011059,TRUE,0.210290827740492
"south",500,31.3597119715508,TRUE,0.264099037138927
"south",501,27.013221657197,TRUE,0.303834808259587
"south",502,28.9955721527628,TRUE,0.307060755336617
"south",503,24.4748999027778,TRUE,0.422348484848485
"south",504,32.4152312374755,TRUE,0.27960927960928
"south",505,24.5202561384224,TRUE,0.218623481781377
"south",506,44.853163198317,TRUE,0.304471931493815
"south",507,28.4018362457905,TRUE,0.338983050847458
"south",508,28.5857271136372,TRUE,0.201290322580645
"south",509,30.9660606691107,TRUE,0.356073211314476
"south",510,62.2932319064497,TRUE,0.26205694363742
"south",511,34.5046226464375,TRUE,0.34297520661157
"south",512,22.6715770883653,TRUE,0.382096069868996
"south",513,25.5932293457077,TRUE,0.218225419664269
"south",514,33.015035252329,TRUE,0.227008149010477
"south",515,29.9567867530774,TRUE,0.232558139534884
"south",516,26.7655893863467,TRUE,0.256130790190736
"south",517,28.2618622387973,TRUE,0.302857142857143
"south",518,38.3206142326282,TRUE,0.245614035087719
"south",519,38.0780544238793,TRUE,0.299309286262471
"south",520,70.2017620921751,TRUE,0.327347357619292
"south",521,25.0464151272831,TRUE,0.279569892473118
"south",522,32.7469370754783,TRUE,0.182452642073779
"south",523,34.3965994219157,TRUE,0.267241379310345
"south",524,28.2219493743509,TRUE,0.341935483870968
"south",525,68.6071245511673,TRUE,0.255079006772009
"south",526,37.8109869914588,TRUE,0.266487213997308
"south",527,27.8285283646246,TRUE,0.275204359673025
"south",528,27.9461620736265,TRUE,0.284438775510204
"south",529,37.8108921115196,TRUE,0.203389830508475
"south",530,45.8248706460138,TRUE,0.319258496395469
"south",531,71.1582949471931,TRUE,0.336320191158901
"south",532,28.1977178465853,TRUE,0.210796915167095
"south",533,43.1515361158012,TRUE,0.274853801169591
"south",534,70.458776575297,TRUE,0.2903981264637
"south",535,27.8862445935847,TRUE,0.35981308411215
"south",536,27.5915497908947,TRUE,0.223118279569892
"south",537,28.5973987664654,TRUE,0.322323462414579
"south",538,27.0682332563932,TRUE,0.292978208232446
"south",539,26.6501450280308,TRUE,0.311349693251534
"south",540,25.8243779533814,TRUE,0.254596888260255
"south",541,21.8778671210958,TRUE,0.260034904013962
"south",542,25.311544571619,TRUE,0.299392097264438
"south",543,28.7189601500275,TRUE,0.264044943820225
"south",544,70.9752749611028,TRUE,0.327680193821926
"south",545,29.3714839042725,TRUE,0.182119205298013
"south",546,27.2573341905167,TRUE,0.324013157894737
"south",547,33.711389250963,TRUE,0.338213762811127
"south",548,28.3183618857199,TRUE,0.269129287598945
"south",549,33.0618472886708,TRUE,0.341961852861035
"south",550,34.6926232102984,TRUE,0.211099020674646
"south",551,35.6091811709088,TRUE,0.321933962264151
"south",552,23.3521757086945,TRUE,0.21656976744186
"south",553,28.6287165513716,TRUE,0.20703125
"south",554,35.1671914369212,TRUE,0.320413436692506
"south",555,33.5911500294552,TRUE,0.339598997493734
"south",556,30.6504474385932,TRUE,0.313180169286578
"south",557,37.4075187190395,TRUE,0.311510031678986
"south",558,26.0155964182019,TRUE,0.314159292035398
"south",559,32.533212109459,TRUE,0.340080971659919
"south",560,32.6353791176173,TRUE,0.322505800464037
"south",561,30.7724674099739,TRUE,0.279236276849642
"south",562,61.6322007416828,TRUE,0.281743050338092
"south",563,28.9953575764368,TRUE,0.269911504424779
"south",564,51.6375097681762,TRUE,0.310391363022942
"south",565,24.2914343536297,TRUE,0.322357019064125
"south",566,34.9360475638933,TRUE,0.314745972738538
"south",567,27.82096933064,TRUE,0.256
"south",568,25.4278008129911,TRUE,0.352395672333849
"south",569,32.6907305934642,TRUE,0.247933884297521
"south",570,24.0441564145888,TRUE,0.291519434628975
"south",571,22.9899686818296,TRUE,0.347602739726027
"south",572,25.6898800072283,TRUE,0.315298507462687
"south",573,35.213685442983,TRUE,0.220554272517321
"south",574,24.9264060036567,TRUE,0.272884283246978
"south",575,31.6832155699492,TRUE,0.246287128712871
"south",576,66.582825114506,TRUE,0.285012285012285
"south",577,27.2229637770741,TRUE,0.236593059936909
"south",578,32.7240377495848,TRUE,0.228571428571429
"south",579,25.623755955126,TRUE,0.271739130434783
"south",580,27.6348821370419,TRUE,0.27150084317032
"south",581,30.0711933747545,TRUE,0.31700288184438
"south",582,20.8750353915138,TRUE,0.486702127659574
"south",583,23.3701265256183,TRUE,0.391025641025641
"south",584,28.4867332799637,TRUE,0.288948069241012
"south",585,43.3128321947008,TRUE,0.296947271045328
"south",586,20.7116264645515,TRUE,0.417142857142857
"south",587,24.156193486382,TRUE,0.304421768707483
"south",588,29.1114917947025,TRUE,0.329173166926677
"south",589,28.239110761452,TRUE,0.287449392712551
"south",590,33.5164132822693,TRUE,0.242990654205607
"south",591,28.4833227936575,TRUE,0.313953488372093
"south",592,21.7543613061132,TRUE,0.31015037593985
"south",593,23.1195370031022,TRUE,0.313278008298755
"south",594,27.2622349041564,TRUE,0.306784660766962
"south",595,23.947693309215,TRUE,0.29264475743349
"south",596,29.7157078693568,TRUE,0.28954802259887
"south",597,25.5462040489194,TRUE,0.282142857142857
"south",598,23.1620169716993,TRUE,0.281437125748503
"south",599,29.2041181137413,TRUE,0.264383561643836
"south",600,27.6966406529599,TRUE,0.351666666666667
"south",601,28.4169147918537,TRUE,0.27979274611399
"south",602,28.3216381670451,TRUE,0.283356258596974
"south",603,33.5588964905573,TRUE,0.235588972431078
"south",604,30.9801723161291,TRUE,0.270083102493075
"south",605,24.485427817706,TRUE,0.362934362934363
"south",606,31.6888518222665,TRUE,0.265171503957784
"south",607,52.3553336970179,TRUE,0.330736543909348
"south",608,30.4611184111429,TRUE,0.342146189735614
"south",609,22.4945614606827,TRUE,0.444933920704846
"south",610,25.3617841138938,TRUE,0.322097378277154
"south",611,30.7797205367573,TRUE,0.234246575342466
"south",612,30.2366737133728,TRUE,0.366522366522367
"south",613,28.9135705756018,TRUE,0.272435897435897
"south",614,38.3169349661484,TRUE,0.2990492653414
"south",615,47.6600231949485,TRUE,0.331781140861467
"south",616,35.2292553611711,TRUE,0.244125326370757
"south",617,26.6361551116208,TRUE,0.258221680876979
"south",618,61.7217535870854,TRUE,0.26929012345679
"south",619,28.16560532742,TRUE,0.281565656565657
"south",620,25.6945095252252,TRUE,0.218989280245023
"south",621,30.8466757731953,TRUE,0.245922208281054
"south",622,35.244854458718,TRUE,0.315392895586652
"south",623,26.5303155200113,TRUE,0.31810766721044
"south",624,63.8147845087299,TRUE,0.148507980569049
"south",625,27.4069934004368,TRUE,0.294436906377205
"south",626,37.6176993399942,TRUE,0.416921508664628
"south",627,33.6919176018642,TRUE,0.343980343980344
"south",628,27.2785183176688,TRUE,0.275568181818182
"south",629,43.9304197168881,TRUE,0.324137931034483
"south",630,37.6481924703186,TRUE,0.212746016869728
"south",631,22.5940364121595,TRUE,0.217065868263473
"south",632,26.9172508911592,TRUE,0.210829493087558
"south",633,38.4372238880616,TRUE,0.359281437125749
"south",634,27.2255784756742,TRUE,0.250704225352113
"south",635,23.1148720827888,TRUE,0.190546528803545
"south",636,34.6351881122046,TRUE,0.264784946236559
"south",637,28.6928083667194,TRUE,0.232044198895028
"south",638,27.8880557893136,TRUE,0.288519637462236
"south",639,22.2857867967447,TRUE,0.310408921933086
"south",640,25.0195369101069,TRUE,0.230645161290323
"south",641,21.7613299844182,TRUE,0.45260663507109
"south",642,32.6149591568976,TRUE,0.353227771010962
"south",643,24.4840206876416,TRUE,0.261868300153139
"south",644,33.3599707406334,TRUE,0.368343195266272
"south",645,35.8027755890484,TRUE,0.257072570725707
"south",646,29.0795348616759,TRUE,0.302158273381295
"south",647,38.7749045581899,TRUE,0.343045112781955
"south",648,35.2376491958799,TRUE,0.297897196261682
"south",649,38.7629756824569,TRUE,0.302401746724891
"south",650,65.7013579611771,TRUE,0.274703557312253
"south",651,26.9109795989671,TRUE,0.328908554572271
"south",652,30.3839401968677,TRUE,0.264
"south",653,27.7683988190198,TRUE,0.297994269340974
"south",654,35.538103694236,TRUE,0.314549180327869
"south",655,45.209546182446,TRUE,0.276142131979695
"south",656,31.7374754567258,TRUE,0.222838137472284
"south",657,28.1905205976093,TRUE,0.382154882154882
"south",658,31.9031718050526,TRUE,0.2175
"south",659,26.2470348490552,TRUE,0.297902097902098
"south",660,28.569501228988,TRUE,0.277777777777778
"south",661,32.0285879520385,TRUE,0.286356821589205
"south",662,36.9879178188364,TRUE,0.280637254901961
"south",663,68.6533565407968,TRUE,0.258640552995392
"south",664,31.940015827284,TRUE,0.363513513513514
"south",665,30.6042398233436,TRUE,0.269662921348315
"south",666,49.6570699711328,TRUE,0.260568793235972
"south",667,23.7196923566119,TRUE,0.335087719298246
"south",668,38.6024471552015,TRUE,0.384699453551913
"south",669,23.868071709869,TRUE,0.309885931558935
"south",670,37.9184802426823,TRUE,0.326612903225806
"south",671,20.8823002000873,TRUE,0.237383177570093
"south",672,26.5224685746882,TRUE,0.37463976945245
"south",673,29.4536337685914,TRUE,0.247311827956989
"south",674,65.9017192007791,TRUE,0.286596119929453
"south",675,34.961414116327,TRUE,0.392572944297082
"south",676,30.7434948836821,TRUE,0.318242343541944
"south",677,25.9585499341439,TRUE,0.258566978193146
"south",678,27.6608006849119,TRUE,0.26530612244898
"south",679,29.783068457168,TRUE,0.278366111951589
"south",680,30.426282210949,TRUE,0.320469798657718
"south",681,29.4730709513948,TRUE,0.244338498212157
"south",682,24.7861495810678,TRUE,0.399624765478424
"south",683,29.7881892086418,TRUE,0.221835075493612
"south",684,23.2507591593076,TRUE,0.334975369458128
"south",685,28.893409586878,TRUE,0.205
"south",686,32.8516801992854,TRUE,0.332819722650231
"south",687,22.6917465653535,TRUE,0.319343065693431
"south",688,30.356172281223,TRUE,0.239202657807309
"south",689,33.319375211389,TRUE,0.224832214765101
"south",690,28.6878207338335,TRUE,0.216867469879518
"south",691,51.5221009293499,TRUE,0.287607170693687
"south",692,21.872088065554,TRUE,0.253294289897511
"south",693,38.0800295266366,TRUE,0.235725938009788
"south",694,30.2705775305893,TRUE,0.434121621621622
"south",695,21.0030080725619,TRUE,0.486111111111111
"south",696,34.2615071594057,TRUE,0.315914489311164
"south",697,29.3604880211795,TRUE,0.251288659793814
"south",698,30.4119326858613,TRUE,0.31193838254172
"south",699,28.9057729853264,TRUE,0.224675324675325
"south",700,33.629014154475,TRUE,0.362924281984334
"south",701,26.4259477834688,TRUE,0.296918767507003
"south",702,24.0226961354251,TRUE,0.287709497206704
"south",703,31.0821609112799,TRUE,0.300353356890459
"south",704,28.198291137,TRUE,0.24179829890644
"south",705,64.0979646343039,TRUE,0.274364406779661
"south",706,27.841734652977,TRUE,0.363001745200698
"south",707,26.980917264181,TRUE,0.28515625
"south",708,24.9081574390573,TRUE,0.474387527839644
"south",709,28.1148646386287,TRUE,0.310975609756098
"south",710,30.3918216085797,TRUE,0.280660377358491
"south",711,21.557472635235,TRUE,0.49041095890411
"south",712,28.1867798802112,TRUE,0.309803921568627
"south",713,25.9173405476447,TRUE,0.392605633802817
"south",714,25.4589902320843,TRUE,0.300539083557952
"south",715,27.993058632213,TRUE,0.292286874154263
"south",716,27.5465140442657,TRUE,0.263333333333333
"south",717,24.4216008875979,TRUE,0.292721518987342
"south",718,27.9971484307661,TRUE,0.231352718078382
"south",719,25.5874907435124,TRUE,0.389492753623188
"south",720,44.5968036397312,TRUE,0.332926829268293
"south",721,64.0998211740055,TRUE,0.291942604856512
"south",722,30.0381248516629,TRUE,0.249435665914221
"south",723,29.1144690383083,TRUE,0.143990929705215
"south",724,31.9172640216608,TRUE,0.293080054274084
"south",725,32.1583163458697,TRUE,0.270949720670391
"south",726,24.3897665736581,TRUE,0.252991452991453
"south",727,41.9685276945963,TRUE,0.338001867413632
"south",728,22.8217724952075,TRUE,0.354700854700855
"south",729,32.4305248616006,TRUE,0.285166240409207
"south",730,31.1473515141268,TRUE,0.227836879432624
"south",731,34.2552484002169,TRUE,0.322475570032573
"south",732,35.1303086862609,TRUE,0.430059523809524
"south",733,26.24449207005,TRUE,0.216253443526171
"south",734,29.7984909184913,TRUE,0.221668742216687
"south",735,34.5066952858131,TRUE,0.259656652360515
"south",736,24.8759267854395,TRUE,0.392638036809816
"south",737,24.3654299687025,TRUE,0.228274967574578
"south",738,28.4354020797862,TRUE,0.337313432835821
"south",739,28.8982206924254,TRUE,0.323809523809524
"south",740,26.6424114317176,TRUE,0.237096774193548
"south",741,23.2776473162279,TRUE,0.247422680412371
"south",742,23.1360907210033,TRUE,0.312741312741313
"south",743,30.0053047984404,TRUE,0.34156378600823
"south",744,41.9208578811048,TRUE,0.297929792979298
"south",745,31.9469982940713,TRUE,0.223552894211577
"south",746,29.1983792342815,TRUE,0.271708683473389
"south",747,32.4321531918341,TRUE,0.203586497890295
"south",748,35.5142477594067,TRUE,0.253154574132492
"south",749,23.5228609843659,TRUE,0.238161559888579
"south",750,26.5144329399491,TRUE,0.337591240875912
"south",751,28.0856362058119,TRUE,0.268194070080863
"south",752,29.2460846852464,TRUE,0.293447293447293
"south",753,23.1250390659086,TRUE,0.273624823695346
"south",754,39.8865641669506,TRUE,0.188823031329382
"south",755,32.6887942891999,TRUE,0.278571428571429
"south",756,32.5970964031726,TRUE,0.244845360824742
"south",757,49.3065579301893,TRUE,0.393162393162393
"south",758,28.5995209193606,TRUE,0.378164556962025
"south",759,19.6714794119213,TRUE,0.387234042553191
"south",760,30.5024815428237,TRUE,0.240554156171285
"south",761,27.3068873660395,TRUE,0.269876819708847
"south",762,37.5660318645428,TRUE,0.313380281690141
"south",763,26.4266410609342,TRUE,0.336405529953917
"south",764,22.3267593869339,TRUE,0.282608695652174
"south",765,33.9412109134018,TRUE,0.227373068432671
"south",766,31.1061270483816,TRUE,0.303411131059246
"south",767,42.2699707686917,TRUE,0.2919921875
"south",768,26.4242996964216,TRUE,0.283211678832117
"south",769,28.5205899264101,TRUE,0.145717463848721
"south",770,31.5745813556092,TRUE,0.27906976744186
"south",771,37.1562189323833,TRUE,0.349269588313413
"south",772,26.9925897417851,TRUE,0.163701067615658
"south",773,27.2067067270956,TRUE,0.320402298850575
"south",774,27.0128401996881,TRUE,0.295454545454545
"south",775,25.4766331356272,TRUE,0.321666666666667
"south",776,31.5486326216339,TRUE,0.168632075471698
"south",777,22.738787690227,TRUE,0.279569892473118
"south",778,26.050621922319,TRUE,0.298305084745763
"south",779,29.5408164849762,TRUE,0.23469387755102
"south",780,42.0793343072209,TRUE,0.257450331125828
"south",781,28.1263918378317,TRUE,0.32890365448505
"south",782,25.1907067910697,TRUE,0.345744680851064
"south",783,32.9508505934965,TRUE,0.227332457293035
"south",784,37.4138062608627,TRUE,0.305
"south",785,25.0447156926943,TRUE,0.406926406926407
"south",786,34.3660072339448,TRUE,0.236111111111111
"south",787,31.9460265204179,TRUE,0.304964539007092
"south",788,27.0875910017513,TRUE,0.32258064516129
"south",789,23.738654544236,TRUE,0.304560260586319
"south",790,28.4408841004425,TRUE,0.271637816245007
"south",791,27.3368531875423,TRUE,0.30466472303207
"south",792,48.4926665505281,TRUE,0.338834951456311
"south",793,33.0914775207248,TRUE,0.459412780656304
"south",794,18.517060003767,TRUE,0.385300668151448
"south",795,28.8340554354087,TRUE,0.351851851851852
"south",796,25.8236624571346,TRUE,0.36875
"south",797,29.6575424091782,TRUE,0.319298245614035
"south",798,33.4835379056759,TRUE,0.25575101488498
"south",799,27.0518691289625,TRUE,0.339181286549708
"south",800,24.9888995083642,TRUE,0.250425894378194
"south",801,25.1995017400505,TRUE,0.413669064748201
"south",802,26.8030254559232,TRUE,0.395622895622896
"south",803,26.0903921017995,TRUE,0.224340175953079
"south",804,68.5357290353313,TRUE,0.254412397761515
"south",805,26.9020390252409,TRUE,0.303867403314917
"south",806,33.4973509972784,TRUE,0.263723150357995
"south",807,30.0969402471152,TRUE,0.202857142857143
"south",808,33.0313194744797,TRUE,0.25
"south",809,25.6225779520341,TRUE,0.31551724137931
"south",810,31.1052907721813,TRUE,0.343653250773994
"south",811,24.0568885807497,TRUE,0.307262569832402
"south",812,31.6268417930758,TRUE,0.435855263157895
"south",813,38.4375788943576,TRUE,0.304898648648649
"south",814,24.8394456083,TRUE,0.379365079365079
"south",815,28.6102044583067,TRUE,0.315270935960591
"south",816,24.6520711374029,TRUE,0.317375886524823
"south",817,24.5203665560208,TRUE,0.288643533123028
"south",818,32.6475423385668,TRUE,0.307038834951456
"south",819,29.627631597549,TRUE,0.36101083032491
"south",820,26.2169138495999,TRUE,0.347328244274809
"south",821,27.4471396068958,TRUE,0.287339971550498
"south",822,20.8063318461305,TRUE,0.287109375
"south",823,30.0248011694667,TRUE,0.256626506024096
"south",824,36.0524218273856,TRUE,0.325242718446602
"south",825,23.4689361028169,TRUE,0.31139646869984
"south",826,20.9784860349288,TRUE,0.373015873015873
"south",827,33.6646367855338,TRUE,0.270588235294118
"south",828,30.0835710110775,TRUE,0.262784090909091
"south",829,32.7633980270272,TRUE,0.211328976034858
"south",830,25.5988180260662,TRUE,0.271446862996159
"south",831,45.7951831122076,TRUE,0.278293135435993
"south",832,27.2856217154945,TRUE,0.298998569384835
"south",833,29.2480783563394,TRUE,0.271942446043165
"south",834,29.5649423305123,TRUE,0.25130890052356
"south",835,27.1906362933715,TRUE,0.303680981595092
"south",836,30.6635295698603,TRUE,0.315340909090909
"south",837,23.748270707373,TRUE,0.261811023622047
"south",838,25.3404249665016,TRUE,0.320819112627986
"south",839,25.8706849735537,TRUE,0.20327868852459
"south",840,34.2171889952187,TRUE,0.279746835443038
"south",841,26.9933663329865,TRUE,0.250883392226148
"south",842,28.8466998725427,TRUE,0.248484848484848
"south",843,25.6691513450622,TRUE,0.354166666666667
"south",844,29.7047667280737,TRUE,0.318777292576419
"south",845,27.6232605897844,TRUE,0.279503105590062
"south",846,25.5053045416777,TRUE,0.288461538461538
"south",847,33.3515351031388,TRUE,0.346625766871166
"south",848,22.6447020362812,TRUE,0.289808917197452
"south",849,25.68184574883,TRUE,0.320823244552058
"south",850,67.1130685988032,TRUE,0.337507453786524
"south",851,30.1653705379427,TRUE,0.236585365853659
"south",852,24.8468895177003,TRUE,0.317195325542571
"south",853,28.9703466548081,TRUE,0.292957746478873
"south",854,25.7457170312363,TRUE,0.315298507462687
"south",855,25.939884631589,TRUE,0.27719298245614
"south",856,42.2649503890578,TRUE,0.269565217391304
"south",857,20.3926421809242,TRUE,0.431937172774869
"south",858,33.5360135125583,TRUE,0.221467391304348
"south",859,37.7657750143257,TRUE,0.295381310418904
"south",860,29.0272077775877,TRUE,0.337455830388693
"south",861,23.8689205544239,TRUE,0.330973451327434
"south",862,27.9494560480842,TRUE,0.23015873015873
"south",863,27.81048333682,TRUE,0.302068965517241
"south",864,34.1725881088628,TRUE,0.241176470588235
"south",865,21.7854281805973,TRUE,0.346456692913386
"south",866,28.6244744949475,TRUE,0.228426395939086
"south",867,32.2492710509853,TRUE,0.266439909297052
"south",868,40.8617446066947,TRUE,0.251219512195122
"south",869,41.5628747958822,TRUE,0.263003663003663
"south",870,24.9167787660437,TRUE,0.272596843615495
"south",871,30.9193432528633,TRUE,0.240331491712707
"south",872,26.0006207980967,TRUE,0.349146110056926
"south",873,25.684277586136,TRUE,0.302120141342756
"south",874,28.4825911473259,TRUE,0.356643356643357
"south",875,29.9888523619628,TRUE,0.285041224970554
"south",876,22.7271774558683,TRUE,0.356870229007634
"south",877,25.7672576946486,TRUE,0.205965909090909
"south",878,28.1683164200556,TRUE,0.322085889570552
"south",879,28.4120011120171,TRUE,0.282768777614138
"south",880,31.0179671758905,TRUE,0.296143250688705
"south",881,24.2293902252749,TRUE,0.277966101694915
"south",882,27.8652917107735,TRUE,0.40343347639485
"south",883,33.0428573203008,TRUE,0.308314087759815
"south",884,33.4818120658341,TRUE,0.297142857142857
"south",885,27.9435116136102,TRUE,0.2546875
"south",886,28.7736926694989,TRUE,0.329305135951662
"south",887,28.7051372112583,TRUE,0.35427807486631
"south",888,24.5272528727889,TRUE,0.304747320061256
"south",889,27.8703571291503,TRUE,0.342723004694836
"south",890,67.4629762327236,TRUE,0.305294117647059
"south",891,23.3730552427936,TRUE,0.334525939177102
"south",892,31.4755575971177,TRUE,0.22375
"south",893,24.2808372922884,TRUE,0.371428571428571
"south",894,32.3822354036906,TRUE,0.201783723522854
"south",895,24.9711021054318,TRUE,0.32018927444795
"south",896,26.3306291222835,TRUE,0.276315789473684
"south",897,30.9212335323533,TRUE,0.197790055248619
"south",898,26.2243679295808,TRUE,0.340350877192982
"south",899,28.3252576221048,TRUE,0.22140221402214
"south",900,30.9161732429151,TRUE,0.328437917222964
"south",901,28.9252889286617,TRUE,0.36518771331058
"south",902,32.0781069256636,TRUE,0.295964125560538
"south",903,37.749311338338,TRUE,0.278099652375435
"south",904,27.7681502263102,TRUE,0.366336633663366
"south",905,33.9595723622811,TRUE,0.246666666666667
"south",906,22.6759674117005,TRUE,0.299829642248722
"south",907,20.8295854417721,TRUE,0.39572192513369
"south",908,31.5614272207411,TRUE,0.231283422459893
"south",909,28.5021926325808,TRUE,0.35077288941736
"south",910,27.7785390153463,TRUE,0.410714285714286
"south",911,37.3098796185124,TRUE,0.324848484848485
"south",912,23.908721800929,TRUE,0.27831094049904
"south",913,23.3422468011274,TRUE,0.302103250478011
"south",914,29.0488113543189,TRUE,0.374233128834356
"south",915,33.9578025596881,TRUE,0.332518337408313
"south",916,23.8758155467032,TRUE,0.367595818815331
"south",917,27.0816596165594,TRUE,0.290756302521008
"south",918,30.0798032114576,TRUE,0.308664259927798
"south",919,33.0073869036903,TRUE,0.193586698337292
"south",920,30.0189109624479,TRUE,0.262166405023548
"south",921,25.3811566640005,TRUE,0.287037037037037
"south",922,42.6940482929207,TRUE,0.242726517040732
"south",923,31.0796469777242,TRUE,0.233766233766234
"south",924,20.4026075618314,TRUE,0.414141414141414
"south",925,60.8370003949269,TRUE,0.276722090261283
"south",926,59.8993901045979,TRUE,0.247958426132145
"south",927,33.7077970331549,TRUE,0.367924528301887
"south",928,32.3739479708377,TRUE,0.325892857142857
"south",929,54.122341331625,TRUE,0.279251170046802
"south",930,60.2753096534503,TRUE,0.264836138175376
"south",931,28.3636436547766,TRUE,0.306646525679758
"south",932,25.7830036586844,TRUE,0.329305135951662
"south",933,27.3979659084492,TRUE,0.326378539493294
"south",934,31.2788380077527,TRUE,0.23936170212766
"south",935,31.3817773925088,TRUE,0.344551282051282
"south",936,26.4141789240594,TRUE,0.290378006872852
"south",937,26.299143686923,TRUE,0.304054054054054
"south",938,28.4819731527506,TRUE,0.233532934131737
"south",939,25.8696494510451,TRUE,0.230088495575221
"south",940,24.5909455581379,TRUE,0.345394736842105
"south",941,30.895464874097,TRUE,0.341655716162943
"south",942,33.1579916728867,TRUE,0.279661016949153
"south",943,23.7047323420562,TRUE,0.251192368839428
"south",944,37.8709630309496,TRUE,0.213908450704225
"south",945,26.7283776323253,TRUE,0.316176470588235
"south",946,30.5253229798493,TRUE,0.23960880195599
"south",947,29.3556025806819,TRUE,0.26158940397351
"south",948,26.0329791673804,TRUE,0.408320493066256
"south",949,29.5821035485435,TRUE,0.305555555555556
"south",950,27.3465356841381,TRUE,0.349593495934959
"south",951,32.4159402236789,TRUE,0.21980198019802
"south",952,26.5890145627793,TRUE,0.363805970149254
"south",953,32.6550353245818,TRUE,0.247641509433962
"south",954,32.4538138959673,TRUE,0.239206534422404
"south",955,33.1478623682534,TRUE,0.302395209580838
"south",956,33.6357221745091,TRUE,0.255725190839695
"south",957,29.2458023787861,TRUE,0.293609671848014
"south",958,31.2671185424413,TRUE,0.230014025245442
"south",959,22.9341292297167,TRUE,0.43640350877193
"south",960,33.9385042512371,TRUE,0.194412107101281
"south",961,32.7947290711946,TRUE,0.343709468223087
"south",962,39.7615642462191,TRUE,0.28256880733945
"south",963,32.4334559094316,TRUE,0.290246768507638
"south",964,31.4080826298478,TRUE,0.278688524590164
"south",965,28.0172241691891,TRUE,0.360576923076923
"south",966,27.4618488292734,TRUE,0.372708757637475
"south",967,41.6375611558732,TRUE,0.308865586272641
"south",968,31.4381237980367,TRUE,0.29368029739777
"south",969,25.7384969692616,TRUE,0.313974591651543
"south",970,27.4932693525266,TRUE,0.260204081632653
"south",971,32.9526265451417,TRUE,0.240618101545254
"south",972,20.9184405268554,TRUE,0.34504132231405
"south",973,38.7645886627581,TRUE,0.198784722222222
"south",974,24.0743161556558,TRUE,0.301184433164129
"south",975,30.5074046469455,TRUE,0.368606701940035
"south",976,28.9668554565664,TRUE,0.280045351473923
"south",977,29.3438452208886,TRUE,0.342565597667638
"south",978,27.0218399645746,TRUE,0.352941176470588
"south",979,30.1516252400754,TRUE,0.323899371069182
"south",980,28.9533299955053,TRUE,0.211538461538462
"south",981,32.3180298649482,TRUE,0.381703470031546
"south",982,38.3309622585149,TRUE,0.23945267958951
"south",983,26.4279173004665,TRUE,0.234396671289875
"south",984,29.5112815078294,TRUE,0.19047619047619
"south",985,29.4863038882852,TRUE,0.332302936630603
"south",986,29.143065159978,TRUE,0.31
"south",987,24.1085678991216,TRUE,0.227513227513228
"south",988,22.2963325884507,TRUE,0.255172413793103
"south",989,39.2089686566526,TRUE,0.239482200647249
"south",990,32.7778598005181,TRUE,0.302741358760429
"south",991,30.5624113797822,TRUE,0.260756192959583
"south",992,23.1223122791497,TRUE,0.258649093904448
"south",993,28.1968481707836,TRUE,0.36986301369863
"south",994,28.4132151619515,TRUE,0.360215053763441
"south",995,25.9871912918701,TRUE,0.307692307692308
"south",996,23.7777572064446,TRUE,0.344765342960289
"south",997,31.1321293282175,TRUE,0.318122555410691
"south",998,31.5465225613638,TRUE,0.200688073394495
"south",999,24.0884415523707,TRUE,0.26643598615917
"south",1000,31.9698616523414,TRUE,0.21524064171123
